Workbook

Sheet Model Inputs & Assumptions
A1: PAID DISPLAY PLANNER · MODEL INPUTS & ASSUMPTIONS
A2: Every input the model consumes. Blue = user input · Grey = Notion-loaded · Green = derived by formula · Orange = manual override. This workbook never writes back to Notion.
A4: 1 · CAMPAIGN & MODEL SETTINGS | O4: LEGEND
A5: Campaign name | C5: Ultramarin — German Retail Launch | F5: Notion campaign record. | P5: User input | Q5: Typed here, or written by the Streamlit app.
A6: Scenario name | C6: Base case — 8 activations, Q1 2027 | F6: Free text. One workbook per scenario. | P6: Notion-loaded | Q6: Read from Notion when the scenario was built.
A7: Analysis date | C7: 46273 | F7: Date the scenario was run. | P7: Derived | Q7: Excel formula. Locked while the sheet is protected.
A8: Target currency | C8: EUR | F8: All campaign totals are reported in this currency. | P8: Manual override | Q8: Deliberately replaces a loaded value — say why in Notes.
A9: Number of simulation iterations | C9: 500 | F9: Rows per activation on Activation Detail, and rows on Simulation Detail.
A10: Random seed | C10: 20260908 | F10: Seed behind the frozen shocks on Activation Detail. | O10: Derived cells are locked; input, loaded and override cells stay editable while sheet protection is on.
A11: Minimum historical sample for full weight | C11: 5 | F11: Completed activations needed before an inventory estimate is treated as fully historical.
A12: Notes | C12: Illustrative worked example. Streamlit overwrites the blue and grey ranges; every green cell recalculates.
A14: 2 · INVENTORY PERFORMANCE — HISTORICAL ESTIMATES & FALLBACK ASSUMPTIONS
A15: One row per Inventory item. Estimates are built from completed activations with valid performance data; where history is thin the Inventory fallback is used, and the Basis column states which applies. Impressions use the historical median; CTR = clicks ÷ impressions; view rate = video views ÷ impressions.
A16: Inventory ID | B16: Inventory name | C16: Estimation method | D16: Historical activation count | E16: Hist. activations with impressions | F16: Hist. activations with video views | G16: Hist. activations with clicks | H16: Hist. median impressions | I16: Hist. total impressions | J16: Hist. total video views | K16: Hist. total clicks | L16: Hist. view rate % | M16: Hist. CTR % | N16: Fallback impressions | O16: Fallback view rate % | P16: Fallback CTR % | Q16: Impressions Sigma % | R16: View rate Sigma % | S16: CTR Sigma % | T16: Weight — impressions | U16: Weight — view rate | V16: Weight — CTR | W16: Expected impressions (used) | X16: Expected view rate % (used) | Y16: Expected CTR % (used) | Z16: Basis | AA16: Notes
A17: INV-01 | B17: finanzen.net — Display Network | C17: Historical | D17: 9 | E17: 9 | F17: 0 | G17: 9 | H17: 460000 | I17: 4120000 | J17: 0 | K17: 6180 | L17: =IF($I17=0,0,$J17/$I17) -> 0 | M17: =IF($I17=0,0,$K17/$I17) -> 0.0015 | N17: 400000 | O17: 0 | P17: 0.0012 | Q17: 0.18 | R17: 0.25 | S17: 0.22 | T17: =IF($C17="Fallback",0,IF($E17=0,0,IF($C17="Historical",1,MIN(1,$E17/$C$11)))) -> 1 | U17: =IF($C17="Fallback",0,IF($F17=0,0,IF($C17="Historical",1,MIN(1,$F17/$C$11)))) -> 0 | V17: =IF($C17="Fallback",0,IF($G17=0,0,IF($C17="Historical",1,MIN(1,$G17/$C$11)))) -> 1 | W17: =$T17*$H17+(1-$T17)*$N17 -> 460000 | X17: =$U17*$L17+(1-$U17)*$O17 -> 0 | Y17: =$V17*$M17+(1-$V17)*$P17 -> 0.0015 | Z17: =IF($T17=1,"Historical",IF($T17=0,"Fallback","Blended "&TEXT($T17,"0%")&" historical")) -> Historical | AA17: Nine completed display activations since Jan 2025. No video inventory.
A18: INV-02 | B18: Handelsblatt — Native Article | C18: Blended | D18: 3 | E18: 3 | F18: 0 | G18: 3 | H18: 210000 | I18: 640000 | J18: 0 | K18: 1980 | L18: =IF($I18=0,0,$J18/$I18) -> 0 | M18: =IF($I18=0,0,$K18/$I18) -> 0.00309375 | N18: 180000 | O18: 0 | P18: 0.0028 | Q18: 0.22 | R18: 0.25 | S18: 0.26 | T18: =IF($C18="Fallback",0,IF($E18=0,0,IF($C18="Historical",1,MIN(1,$E18/$C$11)))) -> 0.6 | U18: =IF($C18="Fallback",0,IF($F18=0,0,IF($C18="Historical",1,MIN(1,$F18/$C$11)))) -> 0 | V18: =IF($C18="Fallback",0,IF($G18=0,0,IF($C18="Historical",1,MIN(1,$G18/$C$11)))) -> 0.6 | W18: =$T18*$H18+(1-$T18)*$N18 -> 198000 | X18: =$U18*$L18+(1-$U18)*$O18 -> 0 | Y18: =$V18*$M18+(1-$V18)*$P18 -> 0.00297625 | Z18: =IF($T18=1,"Historical",IF($T18=0,"Fallback","Blended "&TEXT($T18,"0%")&" historical")) -> Blended 60% historical | AA18: Only three completed activations, so history is blended with the rate card fallback.
A19: INV-03 | B19: extraETF — Newsletter Takeover | C19: Historical | D19: 6 | E19: 6 | F19: 0 | G19: 6 | H19: 88000 | I19: 540000 | J19: 0 | K19: 4320 | L19: =IF($I19=0,0,$J19/$I19) -> 0 | M19: =IF($I19=0,0,$K19/$I19) -> 0.008 | N19: 75000 | O19: 0 | P19: 0.007 | Q19: 0.12 | R19: 0.25 | S19: 0.15 | T19: =IF($C19="Fallback",0,IF($E19=0,0,IF($C19="Historical",1,MIN(1,$E19/$C$11)))) -> 1 | U19: =IF($C19="Fallback",0,IF($F19=0,0,IF($C19="Historical",1,MIN(1,$F19/$C$11)))) -> 0 | V19: =IF($C19="Fallback",0,IF($G19=0,0,IF($C19="Historical",1,MIN(1,$G19/$C$11)))) -> 1 | W19: =$T19*$H19+(1-$T19)*$N19 -> 88000 | X19: =$U19*$L19+(1-$U19)*$O19 -> 0 | Y19: =$V19*$M19+(1-$V19)*$P19 -> 0.008 | Z19: =IF($T19=1,"Historical",IF($T19=0,"Fallback","Blended "&TEXT($T19,"0%")&" historical")) -> Historical | AA19: Stable list size; six sends with full delivery reporting.
A20: INV-04 | B20: YouTube — Finfluencer Network Pre-roll | C20: Historical | D20: 5 | E20: 5 | F20: 5 | G20: 5 | H20: 480000 | I20: 2300000 | J20: 1357000 | K20: 11500 | L20: =IF($I20=0,0,$J20/$I20) -> 0.59 | M20: =IF($I20=0,0,$K20/$I20) -> 0.005 | N20: 400000 | O20: 0.55 | P20: 0.0045 | Q20: 0.28 | R20: 0.14 | S20: 0.24 | T20: =IF($C20="Fallback",0,IF($E20=0,0,IF($C20="Historical",1,MIN(1,$E20/$C$11)))) -> 1 | U20: =IF($C20="Fallback",0,IF($F20=0,0,IF($C20="Historical",1,MIN(1,$F20/$C$11)))) -> 1 | V20: =IF($C20="Fallback",0,IF($G20=0,0,IF($C20="Historical",1,MIN(1,$G20/$C$11)))) -> 1 | W20: =$T20*$H20+(1-$T20)*$N20 -> 480000 | X20: =$U20*$L20+(1-$U20)*$O20 -> 0.59 | Y20: =$V20*$M20+(1-$V20)*$P20 -> 0.005 | Z20: =IF($T20=1,"Historical",IF($T20=0,"Fallback","Blended "&TEXT($T20,"0%")&" historical")) -> Historical | AA20: Five pre-roll flights with view-through reporting from the network.
A21: INV-05 | B21: Trade Republic — In-App Display | C21: Fallback | D21: 0 | E21: 0 | F21: 0 | G21: 0 | H21: 0 | I21: 0 | J21: 0 | K21: 0 | L21: =IF($I21=0,0,$J21/$I21) -> 0 | M21: =IF($I21=0,0,$K21/$I21) -> 0 | N21: 1200000 | O21: 0 | P21: 0.0035 | Q21: 0.3 | R21: 0.25 | S21: 0.3 | T21: =IF($C21="Fallback",0,IF($E21=0,0,IF($C21="Historical",1,MIN(1,$E21/$C$11)))) -> 0 | U21: =IF($C21="Fallback",0,IF($F21=0,0,IF($C21="Historical",1,MIN(1,$F21/$C$11)))) -> 0 | V21: =IF($C21="Fallback",0,IF($G21=0,0,IF($C21="Historical",1,MIN(1,$G21/$C$11)))) -> 0 | W21: =$T21*$H21+(1-$T21)*$N21 -> 1200000 | X21: =$U21*$L21+(1-$U21)*$O21 -> 0 | Y21: =$V21*$M21+(1-$V21)*$P21 -> 0.0035 | Z21: =IF($T21=1,"Historical",IF($T21=0,"Fallback","Blended "&TEXT($T21,"0%")&" historical")) -> Fallback | AA21: No completed activations. Volumes and CTR are the platform's published rate-card assumptions.
A22: INV-06 | B22: Meta — Feed Video (Investor Lookalike) | C22: Historical | D22: 8 | E22: 8 | F22: 8 | G22: 8 | H22: 520000 | I22: 3900000 | J22: 897000 | K22: 23400 | L22: =IF($I22=0,0,$J22/$I22) -> 0.23 | M22: =IF($I22=0,0,$K22/$I22) -> 0.006 | N22: 450000 | O22: 0.2 | P22: 0.0055 | Q22: 0.2 | R22: 0.16 | S22: 0.18 | T22: =IF($C22="Fallback",0,IF($E22=0,0,IF($C22="Historical",1,MIN(1,$E22/$C$11)))) -> 1 | U22: =IF($C22="Fallback",0,IF($F22=0,0,IF($C22="Historical",1,MIN(1,$F22/$C$11)))) -> 1 | V22: =IF($C22="Fallback",0,IF($G22=0,0,IF($C22="Historical",1,MIN(1,$G22/$C$11)))) -> 1 | W22: =$T22*$H22+(1-$T22)*$N22 -> 520000 | X22: =$U22*$L22+(1-$U22)*$O22 -> 0.23 | Y22: =$V22*$M22+(1-$V22)*$P22 -> 0.006 | Z22: =IF($T22=1,"Historical",IF($T22=0,"Fallback","Blended "&TEXT($T22,"0%")&" historical")) -> Historical | AA22: Eight completed lookalike flights; view rate is 3-second views over impressions.
A23: INV-07 | B23: justETF — Sponsored Listing | C23: Blended | D23: 2 | E23: 2 | F23: 0 | G23: 2 | H23: 96000 | I23: 190000 | J23: 0 | K23: 1330 | L23: =IF($I23=0,0,$J23/$I23) -> 0 | M23: =IF($I23=0,0,$K23/$I23) -> 0.007 | N23: 85000 | O23: 0 | P23: 0.0065 | Q23: 0.15 | R23: 0.25 | S23: 0.2 | T23: =IF($C23="Fallback",0,IF($E23=0,0,IF($C23="Historical",1,MIN(1,$E23/$C$11)))) -> 0.4 | U23: =IF($C23="Fallback",0,IF($F23=0,0,IF($C23="Historical",1,MIN(1,$F23/$C$11)))) -> 0 | V23: =IF($C23="Fallback",0,IF($G23=0,0,IF($C23="Historical",1,MIN(1,$G23/$C$11)))) -> 0.4 | W23: =$T23*$H23+(1-$T23)*$N23 -> 89400 | X23: =$U23*$L23+(1-$U23)*$O23 -> 0 | Y23: =$V23*$M23+(1-$V23)*$P23 -> 0.0067 | Z23: =IF($T23=1,"Historical",IF($T23=0,"Fallback","Blended "&TEXT($T23,"0%")&" historical")) -> Blended 40% historical | AA23: Two completed listings only; blended with the publisher's fallback estimate.
A25: 3 · ACTIVATIONS
A26: One row per Activation, whether it already sits on the Campaign in Notion (Campaign activation) or was added to this scenario from Inventory (Scenario activation). Performance expectations are inherited from the Inventory table above; product economics are inherited from the Products table below and are never re-entered here. The three conversion rates are additive paths — an activation may convert off impressions, views, clicks, or any combination.
A27: Activation ID | B27: Activation name | C27: Source | D27: Inventory ID | E27: Inventory name | F27: Format | G27: Status | H27: Pricing model | I27: Cost | J27: Cost currency | K27: FX rate to target currency | L27: Selected Product | M27: Product name | N27: Conversion / impression % | O27: Conversion / view % | P27: Conversion / click % | Q27: Conversion Sigma % | R27: Estimation method | S27: Expected impressions | T27: Impressions Sigma % | U27: Expected view rate % | V27: View rate Sigma % | W27: Expected CTR % | X27: CTR Sigma % | Y27: Notes
A28: ACT-01 | B28: finanzen.net — Q1 Awareness Burst | C28: Campaign activation | D28: INV-01 | E28: =INDEX($B$17:$B$23,MATCH($D28,$A$17:$A$23,0)) -> finanzen.net — Display Network | F28: Display banner | G28: Confirmed | H28: CPM | I28: 6.5 | J28: EUR | K28: =INDEX($C$47:$C$50,MATCH($J28,$A$47:$A$50,0)) -> 1 | L28: PRD-EUAI | M28: =INDEX($B$40:$B$42,MATCH($L28,$A$40:$A$42,0)) -> Ultramarin Europe AI UCITS ETF (EUAI) | N28: 0 | O28: 0 | P28: 0.03 | Q28: 0.3 | R28: =INDEX($Z$17:$Z$23,MATCH($D28,$A$17:$A$23,0)) -> Historical | S28: =INDEX($W$17:$W$23,MATCH($D28,$A$17:$A$23,0)) -> 460000 | T28: =INDEX($Q$17:$Q$23,MATCH($D28,$A$17:$A$23,0)) -> 0.18 | U28: =INDEX($X$17:$X$23,MATCH($D28,$A$17:$A$23,0)) -> 0 | V28: =INDEX($R$17:$R$23,MATCH($D28,$A$17:$A$23,0)) -> 0.25 | W28: =INDEX($Y$17:$Y$23,MATCH($D28,$A$17:$A$23,0)) -> 0.0015 | X28: =INDEX($S$17:$S$23,MATCH($D28,$A$17:$A$23,0)) -> 0.22 | Y28: Booked Jan–Feb. CPM is the agreed net rate.
A29: ACT-02 | B29: Handelsblatt — Native Explainer | C29: Campaign activation | D29: INV-02 | E29: =INDEX($B$17:$B$23,MATCH($D29,$A$17:$A$23,0)) -> Handelsblatt — Native Article | F29: Native article | G29: Confirmed | H29: Fixed | I29: 6500 | J29: EUR | K29: =INDEX($C$47:$C$50,MATCH($J29,$A$47:$A$50,0)) -> 1 | L29: PRD-EUAI | M29: =INDEX($B$40:$B$42,MATCH($L29,$A$40:$A$42,0)) -> Ultramarin Europe AI UCITS ETF (EUAI) | N29: 0 | O29: 0 | P29: 0.05 | Q29: 0.3 | R29: =INDEX($Z$17:$Z$23,MATCH($D29,$A$17:$A$23,0)) -> Blended 60% historical | S29: =INDEX($W$17:$W$23,MATCH($D29,$A$17:$A$23,0)) -> 198000 | T29: =INDEX($Q$17:$Q$23,MATCH($D29,$A$17:$A$23,0)) -> 0.22 | U29: =INDEX($X$17:$X$23,MATCH($D29,$A$17:$A$23,0)) -> 0 | V29: =INDEX($R$17:$R$23,MATCH($D29,$A$17:$A$23,0)) -> 0.25 | W29: =INDEX($Y$17:$Y$23,MATCH($D29,$A$17:$A$23,0)) -> 0.00297625 | X29: =INDEX($S$17:$S$23,MATCH($D29,$A$17:$A$23,0)) -> 0.26 | Y29: Fixed placement fee, two-week run.
A30: ACT-03 | B30: extraETF — Newsletter Takeover | C30: Campaign activation | D30: INV-03 | E30: =INDEX($B$17:$B$23,MATCH($D30,$A$17:$A$23,0)) -> extraETF — Newsletter Takeover | F30: Newsletter takeover | G30: Confirmed | H30: Fixed | I30: 6900 | J30: EUR | K30: =INDEX($C$47:$C$50,MATCH($J30,$A$47:$A$50,0)) -> 1 | L30: PRD-USIQ | M30: =INDEX($B$40:$B$42,MATCH($L30,$A$40:$A$42,0)) -> Ultramarin US Innovation UCITS ETF (USIQ) | N30: 0 | O30: 0 | P30: 0.065 | Q30: 0.25 | R30: =INDEX($Z$17:$Z$23,MATCH($D30,$A$17:$A$23,0)) -> Historical | S30: =INDEX($W$17:$W$23,MATCH($D30,$A$17:$A$23,0)) -> 88000 | T30: =INDEX($Q$17:$Q$23,MATCH($D30,$A$17:$A$23,0)) -> 0.12 | U30: =INDEX($X$17:$X$23,MATCH($D30,$A$17:$A$23,0)) -> 0 | V30: =INDEX($R$17:$R$23,MATCH($D30,$A$17:$A$23,0)) -> 0.25 | W30: =INDEX($Y$17:$Y$23,MATCH($D30,$A$17:$A$23,0)) -> 0.008 | X30: =INDEX($S$17:$S$23,MATCH($D30,$A$17:$A$23,0)) -> 0.15 | Y30: Single send to the full German list.
A31: ACT-04 | B31: YouTube — Finfluencer Pre-roll | C31: Campaign activation | D31: INV-04 | E31: =INDEX($B$17:$B$23,MATCH($D31,$A$17:$A$23,0)) -> YouTube — Finfluencer Network Pre-roll | F31: Video pre-roll | G31: Planned | H31: CPM | I31: 12.4 | J31: USD | K31: =INDEX($C$47:$C$50,MATCH($J31,$A$47:$A$50,0)) -> 0.915 | L31: PRD-USIQ | M31: =INDEX($B$40:$B$42,MATCH($L31,$A$40:$A$42,0)) -> Ultramarin US Innovation UCITS ETF (USIQ) | N31: 0 | O31: 8e-05 | P31: 0.015 | Q31: 0.35 | R31: =INDEX($Z$17:$Z$23,MATCH($D31,$A$17:$A$23,0)) -> Historical | S31: =INDEX($W$17:$W$23,MATCH($D31,$A$17:$A$23,0)) -> 480000 | T31: =INDEX($Q$17:$Q$23,MATCH($D31,$A$17:$A$23,0)) -> 0.28 | U31: =INDEX($X$17:$X$23,MATCH($D31,$A$17:$A$23,0)) -> 0.59 | V31: =INDEX($R$17:$R$23,MATCH($D31,$A$17:$A$23,0)) -> 0.14 | W31: =INDEX($Y$17:$Y$23,MATCH($D31,$A$17:$A$23,0)) -> 0.005 | X31: =INDEX($S$17:$S$23,MATCH($D31,$A$17:$A$23,0)) -> 0.24 | Y31: Priced in USD by the network; converted at the FX table rate.
A32: ACT-05 | B32: Trade Republic — In-App Display | C32: Campaign activation | D32: INV-05 | E32: =INDEX($B$17:$B$23,MATCH($D32,$A$17:$A$23,0)) -> Trade Republic — In-App Display | F32: In-app display | G32: Planned | H32: CPM | I32: 12 | J32: EUR | K32: =INDEX($C$47:$C$50,MATCH($J32,$A$47:$A$50,0)) -> 1 | L32: PRD-SP01 | M32: =INDEX($B$40:$B$42,MATCH($L32,$A$40:$A$42,0)) -> EUAI Savings Plan (monthly) | N32: 0 | O32: 0 | P32: 0.045 | Q32: 0.28 | R32: =INDEX($Z$17:$Z$23,MATCH($D32,$A$17:$A$23,0)) -> Fallback | S32: =INDEX($W$17:$W$23,MATCH($D32,$A$17:$A$23,0)) -> 1200000 | T32: =INDEX($Q$17:$Q$23,MATCH($D32,$A$17:$A$23,0)) -> 0.3 | U32: =INDEX($X$17:$X$23,MATCH($D32,$A$17:$A$23,0)) -> 0 | V32: =INDEX($R$17:$R$23,MATCH($D32,$A$17:$A$23,0)) -> 0.25 | W32: =INDEX($Y$17:$Y$23,MATCH($D32,$A$17:$A$23,0)) -> 0.0035 | X32: =INDEX($S$17:$S$23,MATCH($D32,$A$17:$A$23,0)) -> 0.3 | Y32: Rate-card CPM; no completed history on this inventory yet.
A33: ACT-06 | B33: Trade Republic — Savings Plan Push | C33: Scenario activation | D33: INV-05 | E33: =INDEX($B$17:$B$23,MATCH($D33,$A$17:$A$23,0)) -> Trade Republic — In-App Display | F33: In-app display | G33: Proposed | H33: Fixed | I33: 25000 | J33: EUR | K33: =INDEX($C$47:$C$50,MATCH($J33,$A$47:$A$50,0)) -> 1 | L33: PRD-SP01 | M33: =INDEX($B$40:$B$42,MATCH($L33,$A$40:$A$42,0)) -> EUAI Savings Plan (monthly) | N33: 0 | O33: 0 | P33: 0.055 | Q33: 0.28 | R33: =INDEX($Z$17:$Z$23,MATCH($D33,$A$17:$A$23,0)) -> Fallback | S33: =INDEX($W$17:$W$23,MATCH($D33,$A$17:$A$23,0)) -> 1200000 | T33: =INDEX($Q$17:$Q$23,MATCH($D33,$A$17:$A$23,0)) -> 0.3 | U33: =INDEX($X$17:$X$23,MATCH($D33,$A$17:$A$23,0)) -> 0 | V33: =INDEX($R$17:$R$23,MATCH($D33,$A$17:$A$23,0)) -> 0.25 | W33: =INDEX($Y$17:$Y$23,MATCH($D33,$A$17:$A$23,0)) -> 0.0035 | X33: =INDEX($S$17:$S$23,MATCH($D33,$A$17:$A$23,0)) -> 0.3 | Y33: Scenario only. Fixed sponsorship of the savings-plan carousel.
A34: ACT-07 | B34: Meta — Lookalike Feed Video | C34: Scenario activation | D34: INV-06 | E34: =INDEX($B$17:$B$23,MATCH($D34,$A$17:$A$23,0)) -> Meta — Feed Video (Investor Lookalike) | F34: Social feed video | G34: Proposed | H34: CPC | I34: 1.85 | J34: EUR | K34: =INDEX($C$47:$C$50,MATCH($J34,$A$47:$A$50,0)) -> 1 | L34: PRD-USIQ | M34: =INDEX($B$40:$B$42,MATCH($L34,$A$40:$A$42,0)) -> Ultramarin US Innovation UCITS ETF (USIQ) | N34: 0 | O34: 8e-05 | P34: 0.02 | Q34: 0.32 | R34: =INDEX($Z$17:$Z$23,MATCH($D34,$A$17:$A$23,0)) -> Historical | S34: =INDEX($W$17:$W$23,MATCH($D34,$A$17:$A$23,0)) -> 520000 | T34: =INDEX($Q$17:$Q$23,MATCH($D34,$A$17:$A$23,0)) -> 0.2 | U34: =INDEX($X$17:$X$23,MATCH($D34,$A$17:$A$23,0)) -> 0.23 | V34: =INDEX($R$17:$R$23,MATCH($D34,$A$17:$A$23,0)) -> 0.16 | W34: =INDEX($Y$17:$Y$23,MATCH($D34,$A$17:$A$23,0)) -> 0.006 | X34: =INDEX($S$17:$S$23,MATCH($D34,$A$17:$A$23,0)) -> 0.18 | Y34: Scenario only. Cost scales with clicks, so cost risk tracks CTR.
A35: ACT-08 | B35: justETF — Sponsored Listing | C35: Campaign activation | D35: INV-07 | E35: =INDEX($B$17:$B$23,MATCH($D35,$A$17:$A$23,0)) -> justETF — Sponsored Listing | F35: Sponsored listing | G35: Confirmed | H35: Fixed | I35: 7400 | J35: GBP | K35: =INDEX($C$47:$C$50,MATCH($J35,$A$47:$A$50,0)) -> 1.172 | L35: PRD-EUAI | M35: =INDEX($B$40:$B$42,MATCH($L35,$A$40:$A$42,0)) -> Ultramarin Europe AI UCITS ETF (EUAI) | N35: 0 | O35: 0 | P35: 0.07 | Q35: 0.26 | R35: =INDEX($Z$17:$Z$23,MATCH($D35,$A$17:$A$23,0)) -> Blended 40% historical | S35: =INDEX($W$17:$W$23,MATCH($D35,$A$17:$A$23,0)) -> 89400 | T35: =INDEX($Q$17:$Q$23,MATCH($D35,$A$17:$A$23,0)) -> 0.15 | U35: =INDEX($X$17:$X$23,MATCH($D35,$A$17:$A$23,0)) -> 0 | V35: =INDEX($R$17:$R$23,MATCH($D35,$A$17:$A$23,0)) -> 0.25 | W35: =INDEX($Y$17:$Y$23,MATCH($D35,$A$17:$A$23,0)) -> 0.0067 | X35: =INDEX($S$17:$S$23,MATCH($D35,$A$17:$A$23,0)) -> 0.2 | Y35: Contracted in GBP; converted at the FX table rate.
A37: 4 · PRODUCTS
A38: Product economics are held once, here, and never repeated as Activation inputs. LTV is derived, not editable: Derived LTV = Average purchase amount × Gross margin % of assets × Expected holding period (years).
A39: Product ID | B39: Product name | C39: Product currency | D39: Average purchase amount | E39: Gross margin % of assets | F39: Expected holding period (years) | G39: Derived LTV | H39: FX rate to target currency | I39: Notes
A40: PRD-EUAI | B40: Ultramarin Europe AI UCITS ETF (EUAI) | C40: EUR | D40: 8500 | E40: 0.0045 | F40: 5 | G40: =$D40*$E40*$F40 -> 191.25 | H40: =INDEX($C$47:$C$50,MATCH($C40,$A$47:$A$50,0)) -> 1 | I40: Lump-sum buyer. Margin is the retained share of the TER.
A41: PRD-USIQ | B41: Ultramarin US Innovation UCITS ETF (USIQ) | C41: EUR | D41: 7200 | E41: 0.0049 | F41: 4.5 | G41: =$D41*$E41*$F41 -> 158.76 | H41: =INDEX($C$47:$C$50,MATCH($C41,$A$47:$A$50,0)) -> 1 | I41: Lump-sum buyer. Shorter observed holding period than EUAI.
A42: PRD-SP01 | B42: EUAI Savings Plan (monthly) | C42: EUR | D42: 5400 | E42: 0.003 | F42: 7 | G42: =$D42*$E42*$F42 -> 113.4 | H42: =INDEX($C$47:$C$50,MATCH($C42,$A$47:$A$50,0)) -> 1 | I42: Three years of contributions at €150/month; longer holding period, lower margin.
A44: 5 · FX ASSUMPTIONS
A45: Every rate used anywhere in the model is stated here. Nothing else converts currency. A rate flagged as a manual override is shown in orange and must carry a reason in Notes.
A46: Source currency | B46: Target currency | C46: FX rate | D46: Rate source | E46: Rate date | F46: Manual override flag | G46: Notes
A47: EUR | B47: EUR | C47: 1 | D47: Identity | E47: 46270 | F47: No | G47: Target currency; rate fixed at 1.
A48: USD | B48: EUR | C48: 0.915 | D48: ECB reference rate | E48: 46270 | F48: No | G48: Daily ECB fixing, inverted to EUR per USD.
A49: GBP | B49: EUR | C49: 1.172 | D49: ECB reference rate | E49: 46270 | F49: No | G49: Daily ECB fixing, inverted to EUR per GBP.
A50: CHF | B50: EUR | C50: 1.048 | D50: Treasury forward booking | E50: 46266 | F50: Yes | G50: Manual override: booked forward rate, not the spot fixing.
A52: 6 · MODELLING RULES APPLIED IN THIS WORKBOOK
A53: • | B53: Performance estimates — impressions use the historical median for the Inventory item; CTR = historical clicks ÷ historical impressions; view rate = historical video views ÷ historical impressions.
A54: • | B54: Blending — Historical uses history alone, Fallback uses the Inventory fallback alone, Blended weights history by (completed activations with that metric ÷ minimum sample, capped at 1). The Basis column states the result for every row.
A55: • | B55: Uncertainty — impressions, view rate, CTR and conversion rate are drawn lognormally: value = expected × EXP(sigma × z − sigma² ÷ 2), so the mean is preserved. The z shocks are frozen draws from the random seed, held on Activation Detail columns O:R.
A56: • | B56: Rates are capped at 100%; impressions, views and clicks are rounded to whole units. Conversions are kept continuous so medians stay meaningful at low volumes.
A57: • | B57: Cost is deterministic, never simulated — Fixed: cost × FX · CPM: rate × impressions ÷ 1,000 × FX · CPC: rate × clicks × FX. Cost still varies across iterations for CPM and CPC because volume does, but no cost noise is added.
A58: • | B58: Product economics are deterministic — Flows = Conversions × Average purchase amount · LTV value = Conversions × Derived LTV · ROI = LTV value ÷ Cost. Both are converted to the target currency at the Products table FX rate.
A59: • | B59: Conversion paths are additive: Conversions = impressions × conv/impression % + views × conv/view % + clicks × conv/click %, then scaled by the conversion shock.
A60: • | B60: Product attribution — each Activation sells exactly one Product, so its conversions and cost are attributed there whole. Per-Product flows and LTV value use that Product's own economics, and per-Product ROI is that Product's LTV value ÷ its own cost. On any single iteration the Product rows sum to the campaign; the medians do not, because each Product's median falls on a different iteration.
A61: • | B61: The workbook never writes back to Notion and holds no credentials. Values sourced from Notion are grey; nothing in this file is authoritative for Notion.
A63: 7 · WRITING TO THIS WORKBOOK FROM THE PLANNER APP
A64: • | B64: The app writes values only: the blue and grey ranges on this sheet, and the frozen shocks on Activation Detail columns O:R. Every green cell, both detail sheets and the whole Performance Summary are formulas and must not be overwritten with values.
A65: • | B65: Layout contract — Activation Detail is activation-major. Activation j (1-based) occupies rows 4 + (j−1) × N to 3 + j × N, where N is the iteration count in C9. Simulation Detail row 4 + (i−1) sums the one row per activation belonging to iteration i.
A66: • | B66: This build is fixed at 8 activations × 500 iterations, and the detail formulas hard-reference those rows. A different count means regenerating the two detail sheets (or filling the formulas down) rather than pasting rows in.
A67: • | B67: Inventory and Product rows are matched by ID, so activations follow a re-pointed Inventory ID or Selected Product without any formula edits.
A68: • | B68: Per-Product totals sit on Simulation Detail from column N, six columns per Product, keyed by the Product ID in row 2 of each block. They aggregate with SUMIFS over Activation Detail on iteration and the Product key in its column N, so they need no maintenance when activations move between Products — only a change in the number of Products needs new blocks.
A69: • | B69: No credentials belong in this file, and nothing here is written back to Notion.

Sheet Performance Summary
A1: PAID DISPLAY PLANNER · PERFORMANCE SUMMARY
A2: Scenario outputs across the full simulation. Every figure on this sheet is a formula over Simulation Detail and Activation Detail — change an input and this sheet moves with it.
A4: CAMPAIGN | F4: MEDIAN CONVERSIONS | H4: MEDIAN COST | J4: MEDIAN LTV VALUE | L4: MEDIAN ROI
A5: Campaign name | B5: ='Model Inputs & Assumptions'!$C$5 -> Ultramarin — German Retail Launch | F5: =$C$20 -> 672.47297 | H5: =$C$22 -> 74891.067 | J5: =$C$24 -> 92220.177 | L5: =$C$25 -> 1.2201032
A6: Scenario name | B6: ='Model Inputs & Assumptions'!$C$6 -> Base case — 8 activations, Q1 2027
A7: Target currency | B7: ='Model Inputs & Assumptions'!$C$8 -> EUR
A8: Number of Activations | B8: =COUNTA('Model Inputs & Assumptions'!$A$28:$A$35) -> 8
A9: Number of Products | B9: =COUNTA('Model Inputs & Assumptions'!$A$40:$A$42) -> 3
A10: Number of simulation iterations | B10: ='Model Inputs & Assumptions'!$C$9 -> 500
A12: CAMPAIGN PERFORMANCE — SIMULATED DISTRIBUTION
A13: Quartiles across every simulation iteration. Q1 is the weak quarter of outcomes, Q3 the strong quarter — read the spread, not just the median.
A14: Metric | B14: Q1 / P25 | C14: Median | D14: Q3 / P75 | E14: Basis
A15: Impressions | B15: =QUARTILE('Simulation Detail'!$B$4:$B$503,1) -> 3856387.2 | C15: =QUARTILE('Simulation Detail'!$B$4:$B$503,2) -> 4203700 | D15: =QUARTILE('Simulation Detail'!$B$4:$B$503,3) -> 4605720.8 | E15: Sum of activation impressions per iteration
A16: Video views | B16: =QUARTILE('Simulation Detail'!$C$4:$C$503,1) -> 337909.75 | C16: =QUARTILE('Simulation Detail'!$C$4:$C$503,2) -> 390631.5 | D16: =QUARTILE('Simulation Detail'!$C$4:$C$503,3) -> 458881 | E16: Impressions × view rate
A17: View rate % | B17: =QUARTILE('Simulation Detail'!$K$4:$K$503,1) -> 0.080279898 | C17: =QUARTILE('Simulation Detail'!$K$4:$K$503,2) -> 0.093857273 | D17: =QUARTILE('Simulation Detail'!$K$4:$K$503,3) -> 0.11033841 | E17: Campaign views ÷ campaign impressions
A18: Clicks | B18: =QUARTILE('Simulation Detail'!$D$4:$D$503,1) -> 14457.5 | C18: =QUARTILE('Simulation Detail'!$D$4:$D$503,2) -> 16214.5 | D18: =QUARTILE('Simulation Detail'!$D$4:$D$503,3) -> 18214 | E18: Impressions × CTR
A19: CTR % | B19: =QUARTILE('Simulation Detail'!$L$4:$L$503,1) -> 0.0035407704 | C19: =QUARTILE('Simulation Detail'!$L$4:$L$503,2) -> 0.0038473585 | D19: =QUARTILE('Simulation Detail'!$L$4:$L$503,3) -> 0.0041582841 | E19: Campaign clicks ÷ campaign impressions
A20: Conversions | B20: =QUARTILE('Simulation Detail'!$E$4:$E$503,1) -> 578.75899 | C20: =QUARTILE('Simulation Detail'!$E$4:$E$503,2) -> 672.47297 | D20: =QUARTILE('Simulation Detail'!$E$4:$E$503,3) -> 768.42851 | E20: Per-impression, per-view and per-click paths, summed
A21: Flows | B21: =QUARTILE('Simulation Detail'!$G$4:$G$503,1) -> 3695745.6 | C21: =QUARTILE('Simulation Detail'!$G$4:$G$503,2) -> 4266162.4 | D21: =QUARTILE('Simulation Detail'!$G$4:$G$503,3) -> 4777142.4 | E21: Conversions × average purchase amount
A22: Cost | B22: =QUARTILE('Simulation Detail'!$F$4:$F$503,1) -> 72107.317 | C22: =QUARTILE('Simulation Detail'!$F$4:$F$503,2) -> 74891.067 | D22: =QUARTILE('Simulation Detail'!$F$4:$F$503,3) -> 78721.696 | E22: Deterministic: fixed, CPM × impressions, or CPC × clicks
A23: Cost per conversion | B23: =QUARTILE('Simulation Detail'!$J$4:$J$503,1) -> 99.935558 | C23: =QUARTILE('Simulation Detail'!$J$4:$J$503,2) -> 112.00024 | D23: =QUARTILE('Simulation Detail'!$J$4:$J$503,3) -> 130.54938 | E23: Total cost ÷ total conversions
A24: LTV value | B24: =QUARTILE('Simulation Detail'!$H$4:$H$503,1) -> 79832.419 | C24: =QUARTILE('Simulation Detail'!$H$4:$H$503,2) -> 92220.177 | D24: =QUARTILE('Simulation Detail'!$H$4:$H$503,3) -> 102946.9 | E24: Conversions × derived LTV
A25: ROI | B25: =QUARTILE('Simulation Detail'!$I$4:$I$503,1) -> 1.0633622 | C25: =QUARTILE('Simulation Detail'!$I$4:$I$503,2) -> 1.2201032 | D25: =QUARTILE('Simulation Detail'!$I$4:$I$503,3) -> 1.3440347 | E25: LTV value ÷ cost
A26: PRODUCT PERFORMANCE
A27: Where a campaign promotes more than one Product, this splits the outcome by Product. Each activation's conversions and cost are attributed to the Product it sells, then quartiled across the same iterations. Product rows sum to the campaign on any single iteration; medians do not add up, because the median iteration differs from one Product to the next.
A28: Product name | B28: Product ID | C28: Activations | D28: Derived LTV (target currency) | E28: Conversions — Q1 | F28: Conversions — median | G28: Conversions — Q3 | H28: Flows — median | I28: LTV value — median | J28: Cost — median | K28: ROI — Q1 | L28: ROI — median | M28: ROI — Q3 | N28: Cost per conversion — median
A29: ='Model Inputs & Assumptions'!$B$40 -> Ultramarin Europe AI UCITS ETF (EUAI) | B29: ='Model Inputs & Assumptions'!$A$40 -> PRD-EUAI | C29: =COUNTIF('Model Inputs & Assumptions'!$L$28:$L$35,$B29) -> 3 | D29: ='Model Inputs & Assumptions'!$G$40*'Model Inputs & Assumptions'!$H$40 -> 191.25 | E29: =QUARTILE('Simulation Detail'!$N$4:$N$503,1) -> 77.33713 | F29: =QUARTILE('Simulation Detail'!$N$4:$N$503,2) -> 90.825758 | G29: =QUARTILE('Simulation Detail'!$N$4:$N$503,3) -> 104.79424 | H29: =QUARTILE('Simulation Detail'!$O$4:$O$503,2) -> 772018.94 | I29: =QUARTILE('Simulation Detail'!$P$4:$P$503,2) -> 17370.426 | J29: =QUARTILE('Simulation Detail'!$Q$4:$Q$503,2) -> 18120.79 | K29: =QUARTILE('Simulation Detail'!$R$4:$R$503,1) -> 0.80855461 | L29: =QUARTILE('Simulation Detail'!$R$4:$R$503,2) -> 0.96350431 | M29: =QUARTILE('Simulation Detail'!$R$4:$R$503,3) -> 1.1025261 | N29: =QUARTILE('Simulation Detail'!$S$4:$S$503,2) -> 198.49434
A30: ='Model Inputs & Assumptions'!$B$41 -> Ultramarin US Innovation UCITS ETF (USIQ) | B30: ='Model Inputs & Assumptions'!$A$41 -> PRD-USIQ | C30: =COUNTIF('Model Inputs & Assumptions'!$L$28:$L$35,$B30) -> 3 | D30: ='Model Inputs & Assumptions'!$G$41*'Model Inputs & Assumptions'!$H$41 -> 158.76 | E30: =QUARTILE('Simulation Detail'!$T$4:$T$503,1) -> 146.08335 | F30: =QUARTILE('Simulation Detail'!$T$4:$T$503,2) -> 170.31682 | G30: =QUARTILE('Simulation Detail'!$T$4:$T$503,3) -> 203.61462 | H30: =QUARTILE('Simulation Detail'!$U$4:$U$503,2) -> 1226281.1 | I30: =QUARTILE('Simulation Detail'!$V$4:$V$503,2) -> 27039.498 | J30: =QUARTILE('Simulation Detail'!$W$4:$W$503,2) -> 17936.239 | K30: =QUARTILE('Simulation Detail'!$X$4:$X$503,1) -> 1.3223368 | L30: =QUARTILE('Simulation Detail'!$X$4:$X$503,2) -> 1.5058488 | M30: =QUARTILE('Simulation Detail'!$X$4:$X$503,3) -> 1.721524 | N30: =QUARTILE('Simulation Detail'!$Y$4:$Y$503,2) -> 105.42926
A31: ='Model Inputs & Assumptions'!$B$42 -> EUAI Savings Plan (monthly) | B31: ='Model Inputs & Assumptions'!$A$42 -> PRD-SP01 | C31: =COUNTIF('Model Inputs & Assumptions'!$L$28:$L$35,$B31) -> 2 | D31: ='Model Inputs & Assumptions'!$G$42*'Model Inputs & Assumptions'!$H$42 -> 113.4 | E31: =QUARTILE('Simulation Detail'!$Z$4:$Z$503,1) -> 303.9668 | F31: =QUARTILE('Simulation Detail'!$Z$4:$Z$503,2) -> 403.92343 | G31: =QUARTILE('Simulation Detail'!$Z$4:$Z$503,3) -> 495.45247 | H31: =QUARTILE('Simulation Detail'!$AA$4:$AA$503,2) -> 2181186.5 | I31: =QUARTILE('Simulation Detail'!$AB$4:$AB$503,2) -> 45804.917 | J31: =QUARTILE('Simulation Detail'!$AC$4:$AC$503,2) -> 38719.9 | K31: =QUARTILE('Simulation Detail'!$AD$4:$AD$503,1) -> 0.90210048 | L31: =QUARTILE('Simulation Detail'!$AD$4:$AD$503,2) -> 1.1695623 | M31: =QUARTILE('Simulation Detail'!$AD$4:$AD$503,3) -> 1.418326 | N31: =QUARTILE('Simulation Detail'!$AE$4:$AE$503,2) -> 96.959434
A33: ACTIVATION PERFORMANCE
A34: Per-activation medians and quartiles across the same iterations. Expected impressions, view rate and CTR are the pre-simulation estimates; everything from Conversions rightward is simulated.
A35: Activation name | B35: Source | C35: Inventory | D35: Product | E35: Estimation method | F35: Expected impressions | G35: Expected view rate % | H35: Expected CTR % | I35: Conversions — median | J35: Conversions — Q1 | K35: Conversions — Q3 | L35: Flows — median | M35: LTV value — median | N35: Cost — median | O35: ROI — median | P35: Cost per conversion — median
A36: ='Model Inputs & Assumptions'!$B$28 -> finanzen.net — Q1 Awareness Burst | B36: ='Model Inputs & Assumptions'!$C$28 -> Campaign activation | C36: ='Model Inputs & Assumptions'!$E$28 -> finanzen.net — Display Network | D36: ='Model Inputs & Assumptions'!$M$28 -> Ultramarin Europe AI UCITS ETF (EUAI) | E36: ='Model Inputs & Assumptions'!$R$28 -> Historical | F36: ='Model Inputs & Assumptions'!$S$28 -> 460000 | G36: ='Model Inputs & Assumptions'!$U$28 -> 0 | H36: ='Model Inputs & Assumptions'!$W$28 -> 0.0015 | I36: =QUARTILE('Activation Detail'!$H$4:$H$503,2) -> 19.518176 | J36: =QUARTILE('Activation Detail'!$H$4:$H$503,1) -> 14.125988 | K36: =QUARTILE('Activation Detail'!$H$4:$H$503,3) -> 25.513437 | L36: =QUARTILE('Activation Detail'!$J$4:$J$503,2) -> 165904.5 | M36: =QUARTILE('Activation Detail'!$K$4:$K$503,2) -> 3732.8512 | N36: =QUARTILE('Activation Detail'!$I$4:$I$503,2) -> 2947.9905 | O36: =QUARTILE('Activation Detail'!$L$4:$L$503,2) -> 1.2433591 | P36: =QUARTILE('Activation Detail'!$M$4:$M$503,2) -> 153.81883
A37: ='Model Inputs & Assumptions'!$B$29 -> Handelsblatt — Native Explainer | B37: ='Model Inputs & Assumptions'!$C$29 -> Campaign activation | C37: ='Model Inputs & Assumptions'!$E$29 -> Handelsblatt — Native Article | D37: ='Model Inputs & Assumptions'!$M$29 -> Ultramarin Europe AI UCITS ETF (EUAI) | E37: ='Model Inputs & Assumptions'!$R$29 -> Blended 60% historical | F37: ='Model Inputs & Assumptions'!$S$29 -> 198000 | G37: ='Model Inputs & Assumptions'!$U$29 -> 0 | H37: ='Model Inputs & Assumptions'!$W$29 -> 0.00297625 | I37: =QUARTILE('Activation Detail'!$H$504:$H$1003,2) -> 26.780834 | J37: =QUARTILE('Activation Detail'!$H$504:$H$1003,1) -> 19.57061 | K37: =QUARTILE('Activation Detail'!$H$504:$H$1003,3) -> 36.838124 | L37: =QUARTILE('Activation Detail'!$J$504:$J$1003,2) -> 227637.09 | M37: =QUARTILE('Activation Detail'!$K$504:$K$1003,2) -> 5121.8345 | N37: =QUARTILE('Activation Detail'!$I$504:$I$1003,2) -> 6500 | O37: =QUARTILE('Activation Detail'!$L$504:$L$1003,2) -> 0.78797453 | P37: =QUARTILE('Activation Detail'!$M$504:$M$1003,2) -> 242.71142
A38: ='Model Inputs & Assumptions'!$B$30 -> extraETF — Newsletter Takeover | B38: ='Model Inputs & Assumptions'!$C$30 -> Campaign activation | C38: ='Model Inputs & Assumptions'!$E$30 -> extraETF — Newsletter Takeover | D38: ='Model Inputs & Assumptions'!$M$30 -> Ultramarin US Innovation UCITS ETF (USIQ) | E38: ='Model Inputs & Assumptions'!$R$30 -> Historical | F38: ='Model Inputs & Assumptions'!$S$30 -> 88000 | G38: ='Model Inputs & Assumptions'!$U$30 -> 0 | H38: ='Model Inputs & Assumptions'!$W$30 -> 0.008 | I38: =QUARTILE('Activation Detail'!$H$1004:$H$1503,2) -> 42.895994 | J38: =QUARTILE('Activation Detail'!$H$1004:$H$1503,1) -> 34.653487 | K38: =QUARTILE('Activation Detail'!$H$1004:$H$1503,3) -> 53.850907 | L38: =QUARTILE('Activation Detail'!$J$1004:$J$1503,2) -> 308851.15 | M38: =QUARTILE('Activation Detail'!$K$1004:$K$1503,2) -> 6810.168 | N38: =QUARTILE('Activation Detail'!$I$1004:$I$1503,2) -> 6900 | O38: =QUARTILE('Activation Detail'!$L$1004:$L$1503,2) -> 0.98698086 | P38: =QUARTILE('Activation Detail'!$M$1004:$M$1503,2) -> 160.8544
A39: ='Model Inputs & Assumptions'!$B$31 -> YouTube — Finfluencer Pre-roll | B39: ='Model Inputs & Assumptions'!$C$31 -> Campaign activation | C39: ='Model Inputs & Assumptions'!$E$31 -> YouTube — Finfluencer Network Pre-roll | D39: ='Model Inputs & Assumptions'!$M$31 -> Ultramarin US Innovation UCITS ETF (USIQ) | E39: ='Model Inputs & Assumptions'!$R$31 -> Historical | F39: ='Model Inputs & Assumptions'!$S$31 -> 480000 | G39: ='Model Inputs & Assumptions'!$U$31 -> 0.59 | H39: ='Model Inputs & Assumptions'!$W$31 -> 0.005 | I39: =QUARTILE('Activation Detail'!$H$1504:$H$2003,2) -> 52.210963 | J39: =QUARTILE('Activation Detail'!$H$1504:$H$2003,1) -> 37.148157 | K39: =QUARTILE('Activation Detail'!$H$1504:$H$2003,3) -> 71.519458 | L39: =QUARTILE('Activation Detail'!$J$1504:$J$2003,2) -> 375918.93 | M39: =QUARTILE('Activation Detail'!$K$1504:$K$2003,2) -> 8289.0125 | N39: =QUARTILE('Activation Detail'!$I$1504:$I$2003,2) -> 5252.2166 | O39: =QUARTILE('Activation Detail'!$L$1504:$L$2003,2) -> 1.5503401 | P39: =QUARTILE('Activation Detail'!$M$1504:$M$2003,2) -> 102.40336
A40: ='Model Inputs & Assumptions'!$B$32 -> Trade Republic — In-App Display | B40: ='Model Inputs & Assumptions'!$C$32 -> Campaign activation | C40: ='Model Inputs & Assumptions'!$E$32 -> Trade Republic — In-App Display | D40: ='Model Inputs & Assumptions'!$M$32 -> EUAI Savings Plan (monthly) | E40: ='Model Inputs & Assumptions'!$R$32 -> Fallback | F40: ='Model Inputs & Assumptions'!$S$32 -> 1200000 | G40: ='Model Inputs & Assumptions'!$U$32 -> 0 | H40: ='Model Inputs & Assumptions'!$W$32 -> 0.0035 | I40: =QUARTILE('Activation Detail'!$H$2004:$H$2503,2) -> 158.18074 | J40: =QUARTILE('Activation Detail'!$H$2004:$H$2503,1) -> 118.74938 | K40: =QUARTILE('Activation Detail'!$H$2004:$H$2503,3) -> 224.92216 | L40: =QUARTILE('Activation Detail'!$J$2004:$J$2503,2) -> 854175.97 | M40: =QUARTILE('Activation Detail'!$K$2004:$K$2503,2) -> 17937.695 | N40: =QUARTILE('Activation Detail'!$I$2004:$I$2503,2) -> 13719.9 | O40: =QUARTILE('Activation Detail'!$L$2004:$L$2503,2) -> 1.3574929 | P40: =QUARTILE('Activation Detail'!$M$2004:$M$2503,2) -> 83.537212
A41: ='Model Inputs & Assumptions'!$B$33 -> Trade Republic — Savings Plan Push | B41: ='Model Inputs & Assumptions'!$C$33 -> Scenario activation | C41: ='Model Inputs & Assumptions'!$E$33 -> Trade Republic — In-App Display | D41: ='Model Inputs & Assumptions'!$M$33 -> EUAI Savings Plan (monthly) | E41: ='Model Inputs & Assumptions'!$R$33 -> Fallback | F41: ='Model Inputs & Assumptions'!$S$33 -> 1200000 | G41: ='Model Inputs & Assumptions'!$U$33 -> 0 | H41: ='Model Inputs & Assumptions'!$W$33 -> 0.0035 | I41: =QUARTILE('Activation Detail'!$H$2504:$H$3003,2) -> 208.36121 | J41: =QUARTILE('Activation Detail'!$H$2504:$H$3003,1) -> 150.97454 | K41: =QUARTILE('Activation Detail'!$H$2504:$H$3003,3) -> 294.08108 | L41: =QUARTILE('Activation Detail'!$J$2504:$J$3003,2) -> 1125150.5 | M41: =QUARTILE('Activation Detail'!$K$2504:$K$3003,2) -> 23628.161 | N41: =QUARTILE('Activation Detail'!$I$2504:$I$3003,2) -> 25000 | O41: =QUARTILE('Activation Detail'!$L$2504:$L$3003,2) -> 0.94512644 | P41: =QUARTILE('Activation Detail'!$M$2504:$M$3003,2) -> 119.98395
A42: ='Model Inputs & Assumptions'!$B$34 -> Meta — Lookalike Feed Video | B42: ='Model Inputs & Assumptions'!$C$34 -> Scenario activation | C42: ='Model Inputs & Assumptions'!$E$34 -> Meta — Feed Video (Investor Lookalike) | D42: ='Model Inputs & Assumptions'!$M$34 -> Ultramarin US Innovation UCITS ETF (USIQ) | E42: ='Model Inputs & Assumptions'!$R$34 -> Historical | F42: ='Model Inputs & Assumptions'!$S$34 -> 520000 | G42: ='Model Inputs & Assumptions'!$U$34 -> 0.23 | H42: ='Model Inputs & Assumptions'!$W$34 -> 0.006 | I42: =QUARTILE('Activation Detail'!$H$3004:$H$3503,2) -> 67.890477 | J42: =QUARTILE('Activation Detail'!$H$3004:$H$3503,1) -> 51.038048 | K42: =QUARTILE('Activation Detail'!$H$3004:$H$3503,3) -> 89.094446 | L42: =QUARTILE('Activation Detail'!$J$3004:$J$3503,2) -> 488811.44 | M42: =QUARTILE('Activation Detail'!$K$3004:$K$3503,2) -> 10778.292 | N42: =QUARTILE('Activation Detail'!$I$3004:$I$3503,2) -> 5541.675 | O42: =QUARTILE('Activation Detail'!$L$3004:$L$3503,2) -> 1.9410073 | P42: =QUARTILE('Activation Detail'!$M$3004:$M$3503,2) -> 81.792588
A43: ='Model Inputs & Assumptions'!$B$35 -> justETF — Sponsored Listing | B43: ='Model Inputs & Assumptions'!$C$35 -> Campaign activation | C43: ='Model Inputs & Assumptions'!$E$35 -> justETF — Sponsored Listing | D43: ='Model Inputs & Assumptions'!$M$35 -> Ultramarin Europe AI UCITS ETF (EUAI) | E43: ='Model Inputs & Assumptions'!$R$35 -> Blended 40% historical | F43: ='Model Inputs & Assumptions'!$S$35 -> 89400 | G43: ='Model Inputs & Assumptions'!$U$35 -> 0 | H43: ='Model Inputs & Assumptions'!$W$35 -> 0.0067 | I43: =QUARTILE('Activation Detail'!$H$3504:$H$4003,2) -> 38.898777 | J43: =QUARTILE('Activation Detail'!$H$3504:$H$4003,1) -> 31.418156 | K43: =QUARTILE('Activation Detail'!$H$3504:$H$4003,3) -> 51.116493 | L43: =QUARTILE('Activation Detail'!$J$3504:$J$4003,2) -> 330639.61 | M43: =QUARTILE('Activation Detail'!$K$3504:$K$4003,2) -> 7439.3912 | N43: =QUARTILE('Activation Detail'!$I$3504:$I$4003,2) -> 8672.8 | O43: =QUARTILE('Activation Detail'!$L$3504:$L$4003,2) -> 0.85778424 | P43: =QUARTILE('Activation Detail'!$M$3504:$M$4003,2) -> 222.95817
A110: CHART SOURCE DATA
A111: Formula-driven histogram bins over Simulation Detail. Bin edges follow the simulated range, so the charts above re-scale on their own when inputs change. Nothing here needs editing.
A112: Conversions — bin from | B112: Bin to | C112: Label | D112: Iterations | F112: ROI — bin from | G112: Bin to | H112: Label | I112: Iterations
A113: =MIN('Simulation Detail'!$E$4:$E$503)+(MAX('Simulation Detail'!$E$4:$E$503)-MIN('Simulation Detail'!$E$4:$E$503))*0/20 -> 334.89429 | B113: =MIN('Simulation Detail'!$E$4:$E$503)+(MAX('Simulation Detail'!$E$4:$E$503)-MIN('Simulation Detail'!$E$4:$E$503))*1/20 -> 383.35435 | C113: =TEXT(A113,"#,##0") -> 335 | D113: =COUNTIFS('Simulation Detail'!$E$4:$E$503,">="&A113,'Simulation Detail'!$E$4:$E$503,"<"&B113) -> 2 | F113: =MIN('Simulation Detail'!$I$4:$I$503)+(MAX('Simulation Detail'!$I$4:$I$503)-MIN('Simulation Detail'!$I$4:$I$503))*0/20 -> 0.75788477 | G113: =MIN('Simulation Detail'!$I$4:$I$503)+(MAX('Simulation Detail'!$I$4:$I$503)-MIN('Simulation Detail'!$I$4:$I$503))*1/20 -> 0.82358811 | H113: =TEXT(F113,"0.00") -> 0.76 | I113: =COUNTIFS('Simulation Detail'!$I$4:$I$503,">="&F113,'Simulation Detail'!$I$4:$I$503,"<"&G113) -> 7
A114: =MIN('Simulation Detail'!$E$4:$E$503)+(MAX('Simulation Detail'!$E$4:$E$503)-MIN('Simulation Detail'!$E$4:$E$503))*1/20 -> 383.35435 | B114: =MIN('Simulation Detail'!$E$4:$E$503)+(MAX('Simulation Detail'!$E$4:$E$503)-MIN('Simulation Detail'!$E$4:$E$503))*2/20 -> 431.81442 | C114: =TEXT(A114,"#,##0") -> 383 | D114: =COUNTIFS('Simulation Detail'!$E$4:$E$503,">="&A114,'Simulation Detail'!$E$4:$E$503,"<"&B114) -> 15 | F114: =MIN('Simulation Detail'!$I$4:$I$503)+(MAX('Simulation Detail'!$I$4:$I$503)-MIN('Simulation Detail'!$I$4:$I$503))*1/20 -> 0.82358811 | G114: =MIN('Simulation Detail'!$I$4:$I$503)+(MAX('Simulation Detail'!$I$4:$I$503)-MIN('Simulation Detail'!$I$4:$I$503))*2/20 -> 0.88929145 | H114: =TEXT(F114,"0.00") -> 0.82 | I114: =COUNTIFS('Simulation Detail'!$I$4:$I$503,">="&F114,'Simulation Detail'!$I$4:$I$503,"<"&G114) -> 14
A115: =MIN('Simulation Detail'!$E$4:$E$503)+(MAX('Simulation Detail'!$E$4:$E$503)-MIN('Simulation Detail'!$E$4:$E$503))*2/20 -> 431.81442 | B115: =MIN('Simulation Detail'!$E$4:$E$503)+(MAX('Simulation Detail'!$E$4:$E$503)-MIN('Simulation Detail'!$E$4:$E$503))*3/20 -> 480.27449 | C115: =TEXT(A115,"#,##0") -> 432 | D115: =COUNTIFS('Simulation Detail'!$E$4:$E$503,">="&A115,'Simulation Detail'!$E$4:$E$503,"<"&B115) -> 20 | F115: =MIN('Simulation Detail'!$I$4:$I$503)+(MAX('Simulation Detail'!$I$4:$I$503)-MIN('Simulation Detail'!$I$4:$I$503))*2/20 -> 0.88929145 | G115: =MIN('Simulation Detail'!$I$4:$I$503)+(MAX('Simulation Detail'!$I$4:$I$503)-MIN('Simulation Detail'!$I$4:$I$503))*3/20 -> 0.95499478 | H115: =TEXT(F115,"0.00") -> 0.89 | I115: =COUNTIFS('Simulation Detail'!$I$4:$I$503,">="&F115,'Simulation Detail'!$I$4:$I$503,"<"&G115) -> 31
A116: =MIN('Simulation Detail'!$E$4:$E$503)+(MAX('Simulation Detail'!$E$4:$E$503)-MIN('Simulation Detail'!$E$4:$E$503))*3/20 -> 480.27449 | B116: =MIN('Simulation Detail'!$E$4:$E$503)+(MAX('Simulation Detail'!$E$4:$E$503)-MIN('Simulation Detail'!$E$4:$E$503))*4/20 -> 528.73456 | C116: =TEXT(A116,"#,##0") -> 480 | D116: =COUNTIFS('Simulation Detail'!$E$4:$E$503,">="&A116,'Simulation Detail'!$E$4:$E$503,"<"&B116) -> 41 | F116: =MIN('Simulation Detail'!$I$4:$I$503)+(MAX('Simulation Detail'!$I$4:$I$503)-MIN('Simulation Detail'!$I$4:$I$503))*3/20 -> 0.95499478 | G116: =MIN('Simulation Detail'!$I$4:$I$503)+(MAX('Simulation Detail'!$I$4:$I$503)-MIN('Simulation Detail'!$I$4:$I$503))*4/20 -> 1.0206981 | H116: =TEXT(F116,"0.00") -> 0.95 | I116: =COUNTIFS('Simulation Detail'!$I$4:$I$503,">="&F116,'Simulation Detail'!$I$4:$I$503,"<"&G116) -> 42
A117: =MIN('Simulation Detail'!$E$4:$E$503)+(MAX('Simulation Detail'!$E$4:$E$503)-MIN('Simulation Detail'!$E$4:$E$503))*4/20 -> 528.73456 | B117: =MIN('Simulation Detail'!$E$4:$E$503)+(MAX('Simulation Detail'!$E$4:$E$503)-MIN('Simulation Detail'!$E$4:$E$503))*5/20 -> 577.19463 | C117: =TEXT(A117,"#,##0") -> 529 | D117: =COUNTIFS('Simulation Detail'!$E$4:$E$503,">="&A117,'Simulation Detail'!$E$4:$E$503,"<"&B117) -> 45 | F117: =MIN('Simulation Detail'!$I$4:$I$503)+(MAX('Simulation Detail'!$I$4:$I$503)-MIN('Simulation Detail'!$I$4:$I$503))*4/20 -> 1.0206981 | G117: =MIN('Simulation Detail'!$I$4:$I$503)+(MAX('Simulation Detail'!$I$4:$I$503)-MIN('Simulation Detail'!$I$4:$I$503))*5/20 -> 1.0864015 | H117: =TEXT(F117,"0.00") -> 1.02 | I117: =COUNTIFS('Simulation Detail'!$I$4:$I$503,">="&F117,'Simulation Detail'!$I$4:$I$503,"<"&G117) -> 53
A118: =MIN('Simulation Detail'!$E$4:$E$503)+(MAX('Simulation Detail'!$E$4:$E$503)-MIN('Simulation Detail'!$E$4:$E$503))*5/20 -> 577.19463 | B118: =MIN('Simulation Detail'!$E$4:$E$503)+(MAX('Simulation Detail'!$E$4:$E$503)-MIN('Simulation Detail'!$E$4:$E$503))*6/20 -> 625.6547 | C118: =TEXT(A118,"#,##0") -> 577 | D118: =COUNTIFS('Simulation Detail'!$E$4:$E$503,">="&A118,'Simulation Detail'!$E$4:$E$503,"<"&B118) -> 55 | F118: =MIN('Simulation Detail'!$I$4:$I$503)+(MAX('Simulation Detail'!$I$4:$I$503)-MIN('Simulation Detail'!$I$4:$I$503))*5/20 -> 1.0864015 | G118: =MIN('Simulation Detail'!$I$4:$I$503)+(MAX('Simulation Detail'!$I$4:$I$503)-MIN('Simulation Detail'!$I$4:$I$503))*6/20 -> 1.1521048 | H118: =TEXT(F118,"0.00") -> 1.09 | I118: =COUNTIFS('Simulation Detail'!$I$4:$I$503,">="&F118,'Simulation Detail'!$I$4:$I$503,"<"&G118) -> 47
A119: =MIN('Simulation Detail'!$E$4:$E$503)+(MAX('Simulation Detail'!$E$4:$E$503)-MIN('Simulation Detail'!$E$4:$E$503))*6/20 -> 625.6547 | B119: =MIN('Simulation Detail'!$E$4:$E$503)+(MAX('Simulation Detail'!$E$4:$E$503)-MIN('Simulation Detail'!$E$4:$E$503))*7/20 -> 674.11477 | C119: =TEXT(A119,"#,##0") -> 626 | D119: =COUNTIFS('Simulation Detail'!$E$4:$E$503,">="&A119,'Simulation Detail'!$E$4:$E$503,"<"&B119) -> 73 | F119: =MIN('Simulation Detail'!$I$4:$I$503)+(MAX('Simulation Detail'!$I$4:$I$503)-MIN('Simulation Detail'!$I$4:$I$503))*6/20 -> 1.1521048 | G119: =MIN('Simulation Detail'!$I$4:$I$503)+(MAX('Simulation Detail'!$I$4:$I$503)-MIN('Simulation Detail'!$I$4:$I$503))*7/20 -> 1.2178081 | H119: =TEXT(F119,"0.00") -> 1.15 | I119: =COUNTIFS('Simulation Detail'!$I$4:$I$503,">="&F119,'Simulation Detail'!$I$4:$I$503,"<"&G119) -> 53
A120: =MIN('Simulation Detail'!$E$4:$E$503)+(MAX('Simulation Detail'!$E$4:$E$503)-MIN('Simulation Detail'!$E$4:$E$503))*7/20 -> 674.11477 | B120: =MIN('Simulation Detail'!$E$4:$E$503)+(MAX('Simulation Detail'!$E$4:$E$503)-MIN('Simulation Detail'!$E$4:$E$503))*8/20 -> 722.57484 | C120: =TEXT(A120,"#,##0") -> 674 | D120: =COUNTIFS('Simulation Detail'!$E$4:$E$503,">="&A120,'Simulation Detail'!$E$4:$E$503,"<"&B120) -> 67 | F120: =MIN('Simulation Detail'!$I$4:$I$503)+(MAX('Simulation Detail'!$I$4:$I$503)-MIN('Simulation Detail'!$I$4:$I$503))*7/20 -> 1.2178081 | G120: =MIN('Simulation Detail'!$I$4:$I$503)+(MAX('Simulation Detail'!$I$4:$I$503)-MIN('Simulation Detail'!$I$4:$I$503))*8/20 -> 1.2835115 | H120: =TEXT(F120,"0.00") -> 1.22 | I120: =COUNTIFS('Simulation Detail'!$I$4:$I$503,">="&F120,'Simulation Detail'!$I$4:$I$503,"<"&G120) -> 71
A121: =MIN('Simulation Detail'!$E$4:$E$503)+(MAX('Simulation Detail'!$E$4:$E$503)-MIN('Simulation Detail'!$E$4:$E$503))*8/20 -> 722.57484 | B121: =MIN('Simulation Detail'!$E$4:$E$503)+(MAX('Simulation Detail'!$E$4:$E$503)-MIN('Simulation Detail'!$E$4:$E$503))*9/20 -> 771.03491 | C121: =TEXT(A121,"#,##0") -> 723 | D121: =COUNTIFS('Simulation Detail'!$E$4:$E$503,">="&A121,'Simulation Detail'!$E$4:$E$503,"<"&B121) -> 58 | F121: =MIN('Simulation Detail'!$I$4:$I$503)+(MAX('Simulation Detail'!$I$4:$I$503)-MIN('Simulation Detail'!$I$4:$I$503))*8/20 -> 1.2835115 | G121: =MIN('Simulation Detail'!$I$4:$I$503)+(MAX('Simulation Detail'!$I$4:$I$503)-MIN('Simulation Detail'!$I$4:$I$503))*9/20 -> 1.3492148 | H121: =TEXT(F121,"0.00") -> 1.28 | I121: =COUNTIFS('Simulation Detail'!$I$4:$I$503,">="&F121,'Simulation Detail'!$I$4:$I$503,"<"&G121) -> 59
A122: =MIN('Simulation Detail'!$E$4:$E$503)+(MAX('Simulation Detail'!$E$4:$E$503)-MIN('Simulation Detail'!$E$4:$E$503))*9/20 -> 771.03491 | B122: =MIN('Simulation Detail'!$E$4:$E$503)+(MAX('Simulation Detail'!$E$4:$E$503)-MIN('Simulation Detail'!$E$4:$E$503))*10/20 -> 819.49498 | C122: =TEXT(A122,"#,##0") -> 771 | D122: =COUNTIFS('Simulation Detail'!$E$4:$E$503,">="&A122,'Simulation Detail'!$E$4:$E$503,"<"&B122) -> 42 | F122: =MIN('Simulation Detail'!$I$4:$I$503)+(MAX('Simulation Detail'!$I$4:$I$503)-MIN('Simulation Detail'!$I$4:$I$503))*9/20 -> 1.3492148 | G122: =MIN('Simulation Detail'!$I$4:$I$503)+(MAX('Simulation Detail'!$I$4:$I$503)-MIN('Simulation Detail'!$I$4:$I$503))*10/20 -> 1.4149182 | H122: =TEXT(F122,"0.00") -> 1.35 | I122: =COUNTIFS('Simulation Detail'!$I$4:$I$503,">="&F122,'Simulation Detail'!$I$4:$I$503,"<"&G122) -> 36
A123: =MIN('Simulation Detail'!$E$4:$E$503)+(MAX('Simulation Detail'!$E$4:$E$503)-MIN('Simulation Detail'!$E$4:$E$503))*10/20 -> 819.49498 | B123: =MIN('Simulation Detail'!$E$4:$E$503)+(MAX('Simulation Detail'!$E$4:$E$503)-MIN('Simulation Detail'!$E$4:$E$503))*11/20 -> 867.95505 | C123: =TEXT(A123,"#,##0") -> 819 | D123: =COUNTIFS('Simulation Detail'!$E$4:$E$503,">="&A123,'Simulation Detail'!$E$4:$E$503,"<"&B123) -> 25 | F123: =MIN('Simulation Detail'!$I$4:$I$503)+(MAX('Simulation Detail'!$I$4:$I$503)-MIN('Simulation Detail'!$I$4:$I$503))*10/20 -> 1.4149182 | G123: =MIN('Simulation Detail'!$I$4:$I$503)+(MAX('Simulation Detail'!$I$4:$I$503)-MIN('Simulation Detail'!$I$4:$I$503))*11/20 -> 1.4806215 | H123: =TEXT(F123,"0.00") -> 1.41 | I123: =COUNTIFS('Simulation Detail'!$I$4:$I$503,">="&F123,'Simulation Detail'!$I$4:$I$503,"<"&G123) -> 21
A124: =MIN('Simulation Detail'!$E$4:$E$503)+(MAX('Simulation Detail'!$E$4:$E$503)-MIN('Simulation Detail'!$E$4:$E$503))*11/20 -> 867.95505 | B124: =MIN('Simulation Detail'!$E$4:$E$503)+(MAX('Simulation Detail'!$E$4:$E$503)-MIN('Simulation Detail'!$E$4:$E$503))*12/20 -> 916.41512 | C124: =TEXT(A124,"#,##0") -> 868 | D124: =COUNTIFS('Simulation Detail'!$E$4:$E$503,">="&A124,'Simulation Detail'!$E$4:$E$503,"<"&B124) -> 15 | F124: =MIN('Simulation Detail'!$I$4:$I$503)+(MAX('Simulation Detail'!$I$4:$I$503)-MIN('Simulation Detail'!$I$4:$I$503))*11/20 -> 1.4806215 | G124: =MIN('Simulation Detail'!$I$4:$I$503)+(MAX('Simulation Detail'!$I$4:$I$503)-MIN('Simulation Detail'!$I$4:$I$503))*12/20 -> 1.5463248 | H124: =TEXT(F124,"0.00") -> 1.48 | I124: =COUNTIFS('Simulation Detail'!$I$4:$I$503,">="&F124,'Simulation Detail'!$I$4:$I$503,"<"&G124) -> 18
A125: =MIN('Simulation Detail'!$E$4:$E$503)+(MAX('Simulation Detail'!$E$4:$E$503)-MIN('Simulation Detail'!$E$4:$E$503))*12/20 -> 916.41512 | B125: =MIN('Simulation Detail'!$E$4:$E$503)+(MAX('Simulation Detail'!$E$4:$E$503)-MIN('Simulation Detail'!$E$4:$E$503))*13/20 -> 964.87518 | C125: =TEXT(A125,"#,##0") -> 916 | D125: =COUNTIFS('Simulation Detail'!$E$4:$E$503,">="&A125,'Simulation Detail'!$E$4:$E$503,"<"&B125) -> 11 | F125: =MIN('Simulation Detail'!$I$4:$I$503)+(MAX('Simulation Detail'!$I$4:$I$503)-MIN('Simulation Detail'!$I$4:$I$503))*12/20 -> 1.5463248 | G125: =MIN('Simulation Detail'!$I$4:$I$503)+(MAX('Simulation Detail'!$I$4:$I$503)-MIN('Simulation Detail'!$I$4:$I$503))*13/20 -> 1.6120282 | H125: =TEXT(F125,"0.00") -> 1.55 | I125: =COUNTIFS('Simulation Detail'!$I$4:$I$503,">="&F125,'Simulation Detail'!$I$4:$I$503,"<"&G125) -> 12
A126: =MIN('Simulation Detail'!$E$4:$E$503)+(MAX('Simulation Detail'!$E$4:$E$503)-MIN('Simulation Detail'!$E$4:$E$503))*13/20 -> 964.87518 | B126: =MIN('Simulation Detail'!$E$4:$E$503)+(MAX('Simulation Detail'!$E$4:$E$503)-MIN('Simulation Detail'!$E$4:$E$503))*14/20 -> 1013.3353 | C126: =TEXT(A126,"#,##0") -> 965 | D126: =COUNTIFS('Simulation Detail'!$E$4:$E$503,">="&A126,'Simulation Detail'!$E$4:$E$503,"<"&B126) -> 9 | F126: =MIN('Simulation Detail'!$I$4:$I$503)+(MAX('Simulation Detail'!$I$4:$I$503)-MIN('Simulation Detail'!$I$4:$I$503))*13/20 -> 1.6120282 | G126: =MIN('Simulation Detail'!$I$4:$I$503)+(MAX('Simulation Detail'!$I$4:$I$503)-MIN('Simulation Detail'!$I$4:$I$503))*14/20 -> 1.6777315 | H126: =TEXT(F126,"0.00") -> 1.61 | I126: =COUNTIFS('Simulation Detail'!$I$4:$I$503,">="&F126,'Simulation Detail'!$I$4:$I$503,"<"&G126) -> 12
A127: =MIN('Simulation Detail'!$E$4:$E$503)+(MAX('Simulation Detail'!$E$4:$E$503)-MIN('Simulation Detail'!$E$4:$E$503))*14/20 -> 1013.3353 | B127: =MIN('Simulation Detail'!$E$4:$E$503)+(MAX('Simulation Detail'!$E$4:$E$503)-MIN('Simulation Detail'!$E$4:$E$503))*15/20 -> 1061.7953 | C127: =TEXT(A127,"#,##0") -> 1,013 | D127: =COUNTIFS('Simulation Detail'!$E$4:$E$503,">="&A127,'Simulation Detail'!$E$4:$E$503,"<"&B127) -> 9 | F127: =MIN('Simulation Detail'!$I$4:$I$503)+(MAX('Simulation Detail'!$I$4:$I$503)-MIN('Simulation Detail'!$I$4:$I$503))*14/20 -> 1.6777315 | G127: =MIN('Simulation Detail'!$I$4:$I$503)+(MAX('Simulation Detail'!$I$4:$I$503)-MIN('Simulation Detail'!$I$4:$I$503))*15/20 -> 1.7434348 | H127: =TEXT(F127,"0.00") -> 1.68 | I127: =COUNTIFS('Simulation Detail'!$I$4:$I$503,">="&F127,'Simulation Detail'!$I$4:$I$503,"<"&G127) -> 5
A128: =MIN('Simulation Detail'!$E$4:$E$503)+(MAX('Simulation Detail'!$E$4:$E$503)-MIN('Simulation Detail'!$E$4:$E$503))*15/20 -> 1061.7953 | B128: =MIN('Simulation Detail'!$E$4:$E$503)+(MAX('Simulation Detail'!$E$4:$E$503)-MIN('Simulation Detail'!$E$4:$E$503))*16/20 -> 1110.2554 | C128: =TEXT(A128,"#,##0") -> 1,062 | D128: =COUNTIFS('Simulation Detail'!$E$4:$E$503,">="&A128,'Simulation Detail'!$E$4:$E$503,"<"&B128) -> 6 | F128: =MIN('Simulation Detail'!$I$4:$I$503)+(MAX('Simulation Detail'!$I$4:$I$503)-MIN('Simulation Detail'!$I$4:$I$503))*15/20 -> 1.7434348 | G128: =MIN('Simulation Detail'!$I$4:$I$503)+(MAX('Simulation Detail'!$I$4:$I$503)-MIN('Simulation Detail'!$I$4:$I$503))*16/20 -> 1.8091382 | H128: =TEXT(F128,"0.00") -> 1.74 | I128: =COUNTIFS('Simulation Detail'!$I$4:$I$503,">="&F128,'Simulation Detail'!$I$4:$I$503,"<"&G128) -> 6
A129: =MIN('Simulation Detail'!$E$4:$E$503)+(MAX('Simulation Detail'!$E$4:$E$503)-MIN('Simulation Detail'!$E$4:$E$503))*16/20 -> 1110.2554 | B129: =MIN('Simulation Detail'!$E$4:$E$503)+(MAX('Simulation Detail'!$E$4:$E$503)-MIN('Simulation Detail'!$E$4:$E$503))*17/20 -> 1158.7155 | C129: =TEXT(A129,"#,##0") -> 1,110 | D129: =COUNTIFS('Simulation Detail'!$E$4:$E$503,">="&A129,'Simulation Detail'!$E$4:$E$503,"<"&B129) -> 2 | F129: =MIN('Simulation Detail'!$I$4:$I$503)+(MAX('Simulation Detail'!$I$4:$I$503)-MIN('Simulation Detail'!$I$4:$I$503))*16/20 -> 1.8091382 | G129: =MIN('Simulation Detail'!$I$4:$I$503)+(MAX('Simulation Detail'!$I$4:$I$503)-MIN('Simulation Detail'!$I$4:$I$503))*17/20 -> 1.8748415 | H129: =TEXT(F129,"0.00") -> 1.81 | I129: =COUNTIFS('Simulation Detail'!$I$4:$I$503,">="&F129,'Simulation Detail'!$I$4:$I$503,"<"&G129) -> 5
A130: =MIN('Simulation Detail'!$E$4:$E$503)+(MAX('Simulation Detail'!$E$4:$E$503)-MIN('Simulation Detail'!$E$4:$E$503))*17/20 -> 1158.7155 | B130: =MIN('Simulation Detail'!$E$4:$E$503)+(MAX('Simulation Detail'!$E$4:$E$503)-MIN('Simulation Detail'!$E$4:$E$503))*18/20 -> 1207.1755 | C130: =TEXT(A130,"#,##0") -> 1,159 | D130: =COUNTIFS('Simulation Detail'!$E$4:$E$503,">="&A130,'Simulation Detail'!$E$4:$E$503,"<"&B130) -> 2 | F130: =MIN('Simulation Detail'!$I$4:$I$503)+(MAX('Simulation Detail'!$I$4:$I$503)-MIN('Simulation Detail'!$I$4:$I$503))*17/20 -> 1.8748415 | G130: =MIN('Simulation Detail'!$I$4:$I$503)+(MAX('Simulation Detail'!$I$4:$I$503)-MIN('Simulation Detail'!$I$4:$I$503))*18/20 -> 1.9405449 | H130: =TEXT(F130,"0.00") -> 1.87 | I130: =COUNTIFS('Simulation Detail'!$I$4:$I$503,">="&F130,'Simulation Detail'!$I$4:$I$503,"<"&G130) -> 1
A131: =MIN('Simulation Detail'!$E$4:$E$503)+(MAX('Simulation Detail'!$E$4:$E$503)-MIN('Simulation Detail'!$E$4:$E$503))*18/20 -> 1207.1755 | B131: =MIN('Simulation Detail'!$E$4:$E$503)+(MAX('Simulation Detail'!$E$4:$E$503)-MIN('Simulation Detail'!$E$4:$E$503))*19/20 -> 1255.6356 | C131: =TEXT(A131,"#,##0") -> 1,207 | D131: =COUNTIFS('Simulation Detail'!$E$4:$E$503,">="&A131,'Simulation Detail'!$E$4:$E$503,"<"&B131) -> 2 | F131: =MIN('Simulation Detail'!$I$4:$I$503)+(MAX('Simulation Detail'!$I$4:$I$503)-MIN('Simulation Detail'!$I$4:$I$503))*18/20 -> 1.9405449 | G131: =MIN('Simulation Detail'!$I$4:$I$503)+(MAX('Simulation Detail'!$I$4:$I$503)-MIN('Simulation Detail'!$I$4:$I$503))*19/20 -> 2.0062482 | H131: =TEXT(F131,"0.00") -> 1.94 | I131: =COUNTIFS('Simulation Detail'!$I$4:$I$503,">="&F131,'Simulation Detail'!$I$4:$I$503,"<"&G131) -> 2
A132: =MIN('Simulation Detail'!$E$4:$E$503)+(MAX('Simulation Detail'!$E$4:$E$503)-MIN('Simulation Detail'!$E$4:$E$503))*19/20 -> 1255.6356 | B132: =MIN('Simulation Detail'!$E$4:$E$503)+(MAX('Simulation Detail'!$E$4:$E$503)-MIN('Simulation Detail'!$E$4:$E$503))*20/20 -> 1304.0957 | C132: =TEXT(A132,"#,##0") -> 1,256 | D132: =COUNTIFS('Simulation Detail'!$E$4:$E$503,">="&A132,'Simulation Detail'!$E$4:$E$503,"<="&B132) -> 1 | F132: =MIN('Simulation Detail'!$I$4:$I$503)+(MAX('Simulation Detail'!$I$4:$I$503)-MIN('Simulation Detail'!$I$4:$I$503))*19/20 -> 2.0062482 | G132: =MIN('Simulation Detail'!$I$4:$I$503)+(MAX('Simulation Detail'!$I$4:$I$503)-MIN('Simulation Detail'!$I$4:$I$503))*20/20 -> 2.0719515 | H132: =TEXT(F132,"0.00") -> 2.01 | I132: =COUNTIFS('Simulation Detail'!$I$4:$I$503,">="&F132,'Simulation Detail'!$I$4:$I$503,"<="&G132) -> 5

Sheet Activation Detail
A1: ACTIVATION DETAIL · ONE ROW PER SIMULATION ITERATION PER ACTIVATION
A2: 500 iterations × 8 activations. Every column is a formula reading the inputs sheet; change an assumption there and this recalculates. | N2: Product key — drives the per-product roll-up. | P2: Frozen standard-normal shocks drawn from the random seed — replace these to re-randomise.
A3: Iteration | B3: Activation | C3: Impressions | D3: View rate | E3: Views | F3: CTR | G3: Clicks | H3: Conversions | I3: Cost | J3: Flows | K3: LTV value | L3: ROI | M3: Cost per conversion | N3: Product | P3: z — impressions | Q3: z — view rate | R3: z — CTR | S3: z — conversion
A4: 1 | B4: ='Model Inputs & Assumptions'!$B$28 -> finanzen.net — Q1 Awareness Burst | C4: =ROUND(MAX(0,'Model Inputs & Assumptions'!$S$28*EXP('Model Inputs & Assumptions'!$T$28*P4-'Model Inputs & Assumptions'!$T$28^2/2)),0) -> 444863 | D4: =MIN(1,'Model Inputs & Assumptions'!$U$28*EXP('Model Inputs & Assumptions'!$V$28*Q4-'Model Inputs & Assumptions'!$V$28^2/2)) -> 0 | E4: =ROUND(C4*D4,0) -> 0 | F4: =MIN(1,'Model Inputs & Assumptions'!$W$28*EXP('Model Inputs & Assumptions'!$X$28*R4-'Model Inputs & Assumptions'!$X$28^2/2)) -> 0.0016255104 | G4: =ROUND(C4*F4,0) -> 723 | H4: =MAX(0,(C4*'Model Inputs & Assumptions'!$N$28+E4*'Model Inputs & Assumptions'!$O$28+G4*'Model Inputs & Assumptions'!$P$28)*EXP('Model Inputs & Assumptions'!$Q$28*S4-'Model Inputs & Assumptions'!$Q$28^2/2)) -> 15.100555 | I4: =IF('Model Inputs & Assumptions'!$H$28="Fixed",'Model Inputs & Assumptions'!$I$28*'Model Inputs & Assumptions'!$K$28,IF('Model Inputs & Assumptions'!$H$28="CPM",'Model Inputs & Assumptions'!$I$28*'Model Inputs & Assumptions'!$K$28*C4/1000,IF('Model Inputs & Assumptions'!$H$28="CPC",'Model Inputs & Assumptions'!$I$28*'Model Inputs & Assumptions'!$K$28*G4,0))) -> 2891.6095 | J4: =H4*INDEX('Model Inputs & Assumptions'!$D$40:$D$42,MATCH('Model Inputs & Assumptions'!$L$28,'Model Inputs & Assumptions'!$A$40:$A$42,0))*INDEX('Model Inputs & Assumptions'!$H$40:$H$42,MATCH('Model Inputs & Assumptions'!$L$28,'Model Inputs & Assumptions'!$A$40:$A$42,0)) -> 128354.72 | K4: =H4*INDEX('Model Inputs & Assumptions'!$G$40:$G$42,MATCH('Model Inputs & Assumptions'!$L$28,'Model Inputs & Assumptions'!$A$40:$A$42,0))*INDEX('Model Inputs & Assumptions'!$H$40:$H$42,MATCH('Model Inputs & Assumptions'!$L$28,'Model Inputs & Assumptions'!$A$40:$A$42,0)) -> 2887.9812 | L4: =IFERROR(K4/I4,0) -> 0.99874524 | M4: =IFERROR(I4/H4,0) -> 191.49027 | N4: ='Model Inputs & Assumptions'!$L$28 -> PRD-EUAI | P4: -0.095892 | Q4: 0.236141 | R4: 0.475258 | S4: -1.057066
A5: 2 | B5: ='Model Inputs & Assumptions'!$B$28 -> finanzen.net — Q1 Awareness Burst | C5: =ROUND(MAX(0,'Model Inputs & Assumptions'!$S$28*EXP('Model Inputs & Assumptions'!$T$28*P5-'Model Inputs & Assumptions'!$T$28^2/2)),0) -> 436496 | D5: =MIN(1,'Model Inputs & Assumptions'!$U$28*EXP('Model Inputs & Assumptions'!$V$28*Q5-'Model Inputs & Assumptions'!$V$28^2/2)) -> 0 | E5: =ROUND(C5*D5,0) -> 0 | F5: =MIN(1,'Model Inputs & Assumptions'!$W$28*EXP('Model Inputs & Assumptions'!$X$28*R5-'Model Inputs & Assumptions'!$X$28^2/2)) -> 0.0012918047 | G5: =ROUND(C5*F5,0) -> 564 | H5: =MAX(0,(C5*'Model Inputs & Assumptions'!$N$28+E5*'Model Inputs & Assumptions'!$O$28+G5*'Model Inputs & Assumptions'!$P$28)*EXP('Model Inputs & Assumptions'!$Q$28*S5-'Model Inputs & Assumptions'!$Q$28^2/2)) -> 17.110049 | I5: =IF('Model Inputs & Assumptions'!$H$28="Fixed",'Model Inputs & Assumptions'!$I$28*'Model Inputs & Assumptions'!$K$28,IF('Model Inputs & Assumptions'!$H$28="CPM",'Model Inputs & Assumptions'!$I$28*'Model Inputs & Assumptions'!$K$28*C5/1000,IF('Model Inputs & Assumptions'!$H$28="CPC",'Model Inputs & Assumptions'!$I$28*'Model Inputs & Assumptions'!$K$28*G5,0))) -> 2837.224 | J5: =H5*INDEX('Model Inputs & Assumptions'!$D$40:$D$42,MATCH('Model Inputs & Assumptions'!$L$28,'Model Inputs & Assumptions'!$A$40:$A$42,0))*INDEX('Model Inputs & Assumptions'!$H$40:$H$42,MATCH('Model Inputs & Assumptions'!$L$28,'Model Inputs & Assumptions'!$A$40:$A$42,0)) -> 145435.42 | K5: =H5*INDEX('Model Inputs & Assumptions'!$G$40:$G$42,MATCH('Model Inputs & Assumptions'!$L$28,'Model Inputs & Assumptions'!$A$40:$A$42,0))*INDEX('Model Inputs & Assumptions'!$H$40:$H$42,MATCH('Model Inputs & Assumptions'!$L$28,'Model Inputs & Assumptions'!$A$40:$A$42,0)) -> 3272.2969 | L5: =IFERROR(K5/I5,0) -> 1.1533446 | M5: =IFERROR(I5/H5,0) -> 165.82208 | N5: ='Model Inputs & Assumptions'!$L$28 -> PRD-EUAI | P5: -0.201376 | Q5: -0.247078 | R5: -0.569204 | S5: 0.187232
A6: 3 | B6: ='Model Inputs & Assumptions'!$B$28 -> finanzen.net — Q1 Awareness Burst | C6: =ROUND(MAX(0,'Model Inputs & Assumptions'!$S$28*EXP('Model Inputs & Assumptions'!$T$28*P6-'Model Inputs & Assumptions'!$T$28^2/2)),0) -> 442060 | D6: =MIN(1,'Model Inputs & Assumptions'!$U$28*EXP('Model Inputs & Assumptions'!$V$28*Q6-'Model Inputs & Assumptions'!$V$28^2/2)) -> 0 | E6: =ROUND(C6*D6,0) -> 0 | F6: =MIN(1,'Model Inputs & Assumptions'!$W$28*EXP('Model Inputs & Assumptions'!$X$28*R6-'Model Inputs & Assumptions'!$X$28^2/2)) -> 0.0018749675 | G6: =ROUND(C6*F6,0) -> 829 | H6: =MAX(0,(C6*'Model Inputs & Assumptions'!$N$28+E6*'Model Inputs & Assumptions'!$O$28+G6*'Model Inputs & Assumptions'!$P$28)*EXP('Model Inputs & Assumptions'!$Q$28*S6-'Model Inputs & Assumptions'!$Q$28^2/2)) -> 23.263401 | I6: =IF('Model Inputs & Assumptions'!$H$28="Fixed",'Model Inputs & Assumptions'!$I$28*'Model Inputs & Assumptions'!$K$28,IF('Model Inputs & Assumptions'!$H$28="CPM",'Model Inputs & Assumptions'!$I$28*'Model Inputs & Assumptions'!$K$28*C6/1000,IF('Model Inputs & Assumptions'!$H$28="CPC",'Model Inputs & Assumptions'!$I$28*'Model Inputs & Assumptions'!$K$28*G6,0))) -> 2873.39 | J6: =H6*INDEX('Model Inputs & Assumptions'!$D$40:$D$42,MATCH('Model Inputs & Assumptions'!$L$28,'Model Inputs & Assumptions'!$A$40:$A$42,0))*INDEX('Model Inputs & Assumptions'!$H$40:$H$42,MATCH('Model Inputs & Assumptions'!$L$28,'Model Inputs & Assumptions'!$A$40:$A$42,0)) -> 197738.91 | K6: =H6*INDEX('Model Inputs & Assumptions'!$G$40:$G$42,MATCH('Model Inputs & Assumptions'!$L$28,'Model Inputs & Assumptions'!$A$40:$A$42,0))*INDEX('Model Inputs & Assumptions'!$H$40:$H$42,MATCH('Model Inputs & Assumptions'!$L$28,'Model Inputs & Assumptions'!$A$40:$A$42,0)) -> 4449.1255 | L6: =IFERROR(K6/I6,0) -> 1.548389 | M6: =IFERROR(I6/H6,0) -> 123.51547 | N6: ='Model Inputs & Assumptions'!$L$28 -> PRD-EUAI | P6: -0.13101 | Q6: 0.526583 | R6: 1.12421 | S6: -0.072603
A7: 4 | B7: ='Model Inputs & Assumptions'!$B$28 -> finanzen.net — Q1 Awareness Burst | C7: =ROUND(MAX(0,'Model Inputs & Assumptions'!$S$28*EXP('Model Inputs & Assumptions'!$T$28*P7-'Model Inputs & Assumptions'!$T$28^2/2)),0) -> 394495 | D7: =MIN(1,'Model Inputs & Assumptions'!$U$28*EXP('Model Inputs & Assumptions'!$V$28*Q7-'Model Inputs & Assumptions'!$V$28^2/2)) -> 0 | E7: =ROUND(C7*D7,0) -> 0 | F7: =MIN(1,'Model Inputs & Assumptions'!$W$28*EXP('Model Inputs & Assumptions'!$X$28*R7-'Model Inputs & Assumptions'!$X$28^2/2)) -> 0.0013668261 | G7: =ROUND(C7*F7,0) -> 539 | H7: =MAX(0,(C7*'Model Inputs & Assumptions'!$N$28+E7*'Model Inputs & Assumptions'!$O$28+G7*'Model Inputs & Assumptions'!$P$28)*EXP('Model Inputs & Assumptions'!$Q$28*S7-'Model Inputs & Assumptions'!$Q$28^2/2)) -> 13.874076 | I7: =IF('Model Inputs & Assumptions'!$H$28="Fixed",'Model Inputs & Assumptions'!$I$28*'Model Inputs & Assumptions'!$K$28,IF('Model Inputs & Assumptions'!$H$28="CPM",'Model Inputs & Assumptions'!$I$28*'Model Inputs & Assumptions'!$K$28*C7/1000,IF('Model Inputs & Assumptions'!$H$28="CPC",'Model Inputs & Assumptions'!$I$28*'Model Inputs & Assumptions'!$K$28*G7,0))) -> 2564.2175 | J7: =H7*INDEX('Model Inputs & Assumptions'!$D$40:$D$42,MATCH('Model Inputs & Assumptions'!$L$28,'Model Inputs & Assumptions'!$A$40:$A$42,0))*INDEX('Model Inputs & Assumptions'!$H$40:$H$42,MATCH('Model Inputs & Assumptions'!$L$28,'Model Inputs & Assumptions'!$A$40:$A$42,0)) -> 117929.65 | K7: =H7*INDEX('Model Inputs & Assumptions'!$G$40:$G$42,MATCH('Model Inputs & Assumptions'!$L$28,'Model Inputs & Assumptions'!$A$40:$A$42,0))*INDEX('Model Inputs & Assumptions'!$H$40:$H$42,MATCH('Model Inputs & Assumptions'!$L$28,'Model Inputs & Assumptions'!$A$40:$A$42,0)) -> 2653.4171 | L7: =IFERROR(K7/I7,0) -> 1.0347863 | M7: =IFERROR(I7/H7,0) -> 184.82077 | N7: ='Model Inputs & Assumptions'!$L$28 -> PRD-EUAI | P7: -0.763451 | Q7: 0.236192 | R7: -0.312608 | S7: -0.360452
A8: 5 | B8: ='Model Inputs & Assumptions'!$B$28 -> finanzen.net — Q1 Awareness Burst | C8: =ROUND(MAX(0,'Model Inputs & Assumptions'!$S$28*EXP('Model Inputs & Assumptions'!$T$28*P8-'Model Inputs & Assumptions'!$T$28^2/2)),0) -> 521100 | D8: =MIN(1,'Model Inputs & Assumptions'!$U$28*EXP('Model Inputs & Assumptions'!$V$28*Q8-'Model Inputs & Assumptions'!$V$28^2/2)) -> 0 | E8: =ROUND(C8*D8,0) -> 0 | F8: =MIN(1,'Model Inputs & Assumptions'!$W$28*EXP('Model Inputs & Assumptions'!$X$28*R8-'Model Inputs & Assumptions'!$X$28^2/2)) -> 0.0014584381 | G8: =ROUND(C8*F8,0) -> 760 | H8: =MAX(0,(C8*'Model Inputs & Assumptions'!$N$28+E8*'Model Inputs & Assumptions'!$O$28+G8*'Model Inputs & Assumptions'!$P$28)*EXP('Model Inputs & Assumptions'!$Q$28*S8-'Model Inputs & Assumptions'!$Q$28^2/2)) -> 14.887019 | I8: =IF('Model Inputs & Assumptions'!$H$28="Fixed",'Model Inputs & Assumptions'!$I$28*'Model Inputs & Assumptions'!$K$28,IF('Model Inputs & Assumptions'!$H$28="CPM",'Model Inputs & Assumptions'!$I$28*'Model Inputs & Assumptions'!$K$28*C8/1000,IF('Model Inputs & Assumptions'!$H$28="CPC",'Model Inputs & Assumptions'!$I$28*'Model Inputs & Assumptions'!$K$28*G8,0))) -> 3387.15 | J8: =H8*INDEX('Model Inputs & Assumptions'!$D$40:$D$42,MATCH('Model Inputs & Assumptions'!$L$28,'Model Inputs & Assumptions'!$A$40:$A$42,0))*INDEX('Model Inputs & Assumptions'!$H$40:$H$42,MATCH('Model Inputs & Assumptions'!$L$28,'Model Inputs & Assumptions'!$A$40:$A$42,0)) -> 126539.66 | K8: =H8*INDEX('Model Inputs & Assumptions'!$G$40:$G$42,MATCH('Model Inputs & Assumptions'!$L$28,'Model Inputs & Assumptions'!$A$40:$A$42,0))*INDEX('Model Inputs & Assumptions'!$H$40:$H$42,MATCH('Model Inputs & Assumptions'!$L$28,'Model Inputs & Assumptions'!$A$40:$A$42,0)) -> 2847.1424 | L8: =IFERROR(K8/I8,0) -> 0.84057169 | M8: =IFERROR(I8/H8,0) -> 227.52372 | N8: ='Model Inputs & Assumptions'!$L$28 -> PRD-EUAI | P8: 0.782859 | Q8: 0.160822 | R8: -0.017723 | S8: -1.270903
A9: 6 | B9: ='Model Inputs & Assumptions'!$B$28 -> finanzen.net — Q1 Awareness Burst | C9: =ROUND(MAX(0,'Model Inputs & Assumptions'!$S$28*EXP('Model Inputs & Assumptions'!$T$28*P9-'Model Inputs & Assumptions'!$T$28^2/2)),0) -> 663031 | D9: =MIN(1,'Model Inputs & Assumptions'!$U$28*EXP('Model Inputs & Assumptions'!$V$28*Q9-'Model Inputs & Assumptions'!$V$28^2/2)) -> 0 | E9: =ROUND(C9*D9,0) -> 0 | F9: =MIN(1,'Model Inputs & Assumptions'!$W$28*EXP('Model Inputs & Assumptions'!$X$28*R9-'Model Inputs & Assumptions'!$X$28^2/2)) -> 0.0012310552 | G9: =ROUND(C9*F9,0) -> 816 | H9: =MAX(0,(C9*'Model Inputs & Assumptions'!$N$28+E9*'Model Inputs & Assumptions'!$O$28+G9*'Model Inputs & Assumptions'!$P$28)*EXP('Model Inputs & Assumptions'!$Q$28*S9-'Model Inputs & Assumptions'!$Q$28^2/2)) -> 20.395983 | I9: =IF('Model Inputs & Assumptions'!$H$28="Fixed",'Model Inputs & Assumptions'!$I$28*'Model Inputs & Assumptions'!$K$28,IF('Model Inputs & Assumptions'!$H$28="CPM",'Model Inputs & Assumptions'!$I$28*'Model Inputs & Assumptions'!$K$28*C9/1000,IF('Model Inputs & Assumptions'!$H$28="CPC",'Model Inputs & Assumptions'!$I$28*'Model Inputs & Assumptions'!$K$28*G9,0))) -> 4309.7015 | J9: =H9*INDEX('Model Inputs & Assumptions'!$D$40:$D$42,MATCH('Model Inputs & Assumptions'!$L$28,'Model Inputs & Assumptions'!$A$40:$A$42,0))*INDEX('Model Inputs & Assumptions'!$H$40:$H$42,MATCH('Model Inputs & Assumptions'!$L$28,'Model Inputs & Assumptions'!$A$40:$A$42,0)) -> 173365.85 | K9: =H9*INDEX('Model Inputs & Assumptions'!$G$40:$G$42,MATCH('Model Inputs & Assumptions'!$L$28,'Model Inputs & Assumptions'!$A$40:$A$42,0))*INDEX('Model Inputs & Assumptions'!$H$40:$H$42,MATCH('Model Inputs & Assumptions'!$L$28,'Model Inputs & Assumptions'!$A$40:$A$42,0)) -> 3900.7317 | L9: =IFERROR(K9/I9,0) -> 0.90510484 | M9: =IFERROR(I9/H9,0) -> 211.30149 | N9: ='Model Inputs & Assumptions'!$L$28 -> PRD-EUAI | P9: 2.121085 | Q9: 0.081547 | R9: -0.788152 | S9: -0.458395
A10: 7 | B10: ='Model Inputs & Assumptions'!$B$28 -> finanzen.net — Q1 Awareness Burst | C10: =ROUND(MAX(0,'Model Inputs & Assumptions'!$S$28*EXP('Model Inputs & Assumptions'!$T$28*P10-'Model Inputs & Assumptions'!$T$28^2/2)),0) -> 412401 | D10: =MIN(1,'Model Inputs & Assumptions'!$U$28*EXP('Model Inputs & Assumptions'!$V$28*Q10-'Model Inputs & Assumptions'!$V$28^2/2)) -> 0 | E10: =ROUND(C10*D10,0) -> 0 | F10: =MIN(1,'Model Inputs & Assumptions'!$W$28*EXP('Model Inputs & Assumptions'!$X$28*R10-'Model Inputs & Assumptions'!$X$28^2/2)) -> 0.0013773283 | G10: =ROUND(C10*F10,0) -> 568 | H10: =MAX(0,(C10*'Model Inputs & Assumptions'!$N$28+E10*'Model Inputs & Assumptions'!$O$28+G10*'Model Inputs & Assumptions'!$P$28)*EXP('Model Inputs & Assumptions'!$Q$28*S10-'Model Inputs & Assumptions'!$Q$28^2/2)) -> 13.743226 | I10: =IF('Model Inputs & Assumptions'!$H$28="Fixed",'Model Inputs & Assumptions'!$I$28*'Model Inputs & Assumptions'!$K$28,IF('Model Inputs & Assumptions'!$H$28="CPM",'Model Inputs & Assumptions'!$I$28*'Model Inputs & Assumptions'!$K$28*C10/1000,IF('Model Inputs & Assumptions'!$H$28="CPC",'Model Inputs & Assumptions'!$I$28*'Model Inputs & Assumptions'!$K$28*G10,0))) -> 2680.6065 | J10: =H10*INDEX('Model Inputs & Assumptions'!$D$40:$D$42,MATCH('Model Inputs & Assumptions'!$L$28,'Model Inputs & Assumptions'!$A$40:$A$42,0))*INDEX('Model Inputs & Assumptions'!$H$40:$H$42,MATCH('Model Inputs & Assumptions'!$L$28,'Model Inputs & Assumptions'!$A$40:$A$42,0)) -> 116817.42 | K10: =H10*INDEX('Model Inputs & Assumptions'!$G$40:$G$42,MATCH('Model Inputs & Assumptions'!$L$28,'Model Inputs & Assumptions'!$A$40:$A$42,0))*INDEX('Model Inputs & Assumptions'!$H$40:$H$42,MATCH('Model Inputs & Assumptions'!$L$28,'Model Inputs & Assumptions'!$A$40:$A$42,0)) -> 2628.3919 | L10: =IFERROR(K10/I10,0) -> 0.98052135 | M10: =IFERROR(I10/H10,0) -> 195.0493 | N10: ='Model Inputs & Assumptions'!$L$28 -> PRD-EUAI | P10: -0.516836 | Q10: 0.654291 | R10: -0.277816 | S10: -0.566725
A11: 8 | B11: ='Model Inputs & Assumptions'!$B$28 -> finanzen.net — Q1 Awareness Burst | C11: =ROUND(MAX(0,'Model Inputs & Assumptions'!$S$28*EXP('Model Inputs & Assumptions'!$T$28*P11-'Model Inputs & Assumptions'!$T$28^2/2)),0) -> 337966 | D11: =MIN(1,'Model Inputs & Assumptions'!$U$28*EXP('Model Inputs & Assumptions'!$V$28*Q11-'Model Inputs & Assumptions'!$V$28^2/2)) -> 0 | E11: =ROUND(C11*D11,0) -> 0 | F11: =MIN(1,'Model Inputs & Assumptions'!$W$28*EXP('Model Inputs & Assumptions'!$X$28*R11-'Model Inputs & Assumptions'!$X$28^2/2)) -> 0.001521883 | G11: =ROUND(C11*F11,0) -> 514 | H11: =MAX(0,(C11*'Model Inputs & Assumptions'!$N$28+E11*'Model Inputs & Assumptions'!$O$28+G11*'Model Inputs & Assumptions'!$P$28)*EXP('Model Inputs & Assumptions'!$Q$28*S11-'Model Inputs & Assumptions'!$Q$28^2/2)) -> 13.127753 | I11: =IF('Model Inputs & Assumptions'!$H$28="Fixed",'Model Inputs & Assumptions'!$I$28*'Model Inputs & Assumptions'!$K$28,IF('Model Inputs & Assumptions'!$H$28="CPM",'Model Inputs & Assumptions'!$I$28*'Model Inputs & Assumptions'!$K$28*C11/1000,IF('Model Inputs & Assumptions'!$H$28="CPC",'Model Inputs & Assumptions'!$I$28*'Model Inputs & Assumptions'!$K$28*G11,0))) -> 2196.779 | J11: =H11*INDEX('Model Inputs & Assumptions'!$D$40:$D$42,MATCH('Model Inputs & Assumptions'!$L$28,'Model Inputs & Assumptions'!$A$40:$A$42,0))*INDEX('Model Inputs & Assumptions'!$H$40:$H$42,MATCH('Model Inputs & Assumptions'!$L$28,'Model Inputs & Assumptions'!$A$40:$A$42,0)) -> 111585.9 | K11: =H11*INDEX('Model Inputs & Assumptions'!$G$40:$G$42,MATCH('Model Inputs & Assumptions'!$L$28,'Model Inputs & Assumptions'!$A$40:$A$42,0))*INDEX('Model Inputs & Assumptions'!$H$40:$H$42,MATCH('Model Inputs & Assumptions'!$L$28,'Model Inputs & Assumptions'!$A$40:$A$42,0)) -> 2510.6828 | L11: =IFERROR(K11/I11,0) -> 1.1428928 | M11: =IFERROR(I11/H11,0) -> 167.33853 | N11: ='Model Inputs & Assumptions'!$L$28 -> PRD-EUAI | P11: -1.622677 | Q11: -1.294824 | R11: 0.175833 | S11: -0.386456
A12: 9 | B12: ='Model Inputs & Assumptions'!$B$28 -> finanzen.net — Q1 Awareness Burst | C12: =ROUND(MAX(0,'Model Inputs & Assumptions'!$S$28*EXP('Model Inputs & Assumptions'!$T$28*P12-'Model Inputs & Assumptions'!$T$28^2/2)),0) -> 693631 | D12: =MIN(1,'Model Inputs & Assumptions'!$U$28*EXP('Model Inputs & Assumptions'!$V$28*Q12-'Model Inputs & Assumptions'!$V$28^2/2)) -> 0 | E12: =ROUND(C12*D12,0) -> 0 | F12: =MIN(1,'Model Inputs & Assumptions'!$W$28*EXP('Model Inputs & Assumptions'!$X$28*R12-'Model Inputs & Assumptions'!$X$28^2/2)) -> 0.0014111562 | G12: =ROUND(C12*F12,0) -> 979 | H12: =MAX(0,(C12*'Model Inputs & Assumptions'!$N$28+E12*'Model Inputs & Assumptions'!$O$28+G12*'Model Inputs & Assumptions'!$P$28)*EXP('Model Inputs & Assumptions'!$Q$28*S12-'Model Inputs & Assumptions'!$Q$28^2/2)) -> 40.370093 | I12: =IF('Model Inputs & Assumptions'!$H$28="Fixed",'Model Inputs & Assumptions'!$I$28*'Model Inputs & Assumptions'!$K$28,IF('Model Inputs & Assumptions'!$H$28="CPM",'Model Inputs & Assumptions'!$I$28*'Model Inputs & Assumptions'!$K$28*C12/1000,IF('Model Inputs & Assumptions'!$H$28="CPC",'Model Inputs & Assumptions'!$I$28*'Model Inputs & Assumptions'!$K$28*G12,0))) -> 4508.6015 | J12: =H12*INDEX('Model Inputs & Assumptions'!$D$40:$D$42,MATCH('Model Inputs & Assumptions'!$L$28,'Model Inputs & Assumptions'!$A$40:$A$42,0))*INDEX('Model Inputs & Assumptions'!$H$40:$H$42,MATCH('Model Inputs & Assumptions'!$L$28,'Model Inputs & Assumptions'!$A$40:$A$42,0)) -> 343145.79 | K12: =H12*INDEX('Model Inputs & Assumptions'!$G$40:$G$42,MATCH('Model Inputs & Assumptions'!$L$28,'Model Inputs & Assumptions'!$A$40:$A$42,0))*INDEX('Model Inputs & Assumptions'!$H$40:$H$42,MATCH('Model Inputs & Assumptions'!$L$28,'Model Inputs & Assumptions'!$A$40:$A$42,0)) -> 7720.7803 | L12: =IFERROR(K12/I12,0) -> 1.7124557 | M12: =IFERROR(I12/H12,0) -> 111.68172 | N12: ='Model Inputs & Assumptions'!$L$28 -> PRD-EUAI | P12: 2.371739 | Q12: 0.051079 | R12: -0.167526 | S12: 1.210385
A13: 10 | B13: ='Model Inputs & Assumptions'!$B$28 -> finanzen.net — Q1 Awareness Burst | C13: =ROUND(MAX(0,'Model Inputs & Assumptions'!$S$28*EXP('Model Inputs & Assumptions'!$T$28*P13-'Model Inputs & Assumptions'!$T$28^2/2)),0) -> 590864 | D13: =MIN(1,'Model Inputs & Assumptions'!$U$28*EXP('Model Inputs & Assumptions'!$V$28*Q13-'Model Inputs & Assumptions'!$V$28^2/2)) -> 0 | E13: =ROUND(C13*D13,0) -> 0 | F13: =MIN(1,'Model Inputs & Assumptions'!$W$28*EXP('Model Inputs & Assumptions'!$X$28*R13-'Model Inputs & Assumptions'!$X$28^2/2)) -> 0.0014223935 | G13: =ROUND(C13*F13,0) -> 840 | H13: =MAX(0,(C13*'Model Inputs & Assumptions'!$N$28+E13*'Model Inputs & Assumptions'!$O$28+G13*'Model Inputs & Assumptions'!$P$28)*EXP('Model Inputs & Assumptions'!$Q$28*S13-'Model Inputs & Assumptions'!$Q$28^2/2)) -> 9.5779166 | I13: =IF('Model Inputs & Assumptions'!$H$28="Fixed",'Model Inputs & Assumptions'!$I$28*'Model Inputs & Assumptions'!$K$28,IF('Model Inputs & Assumptions'!$H$28="CPM",'Model Inputs & Assumptions'!$I$28*'Model Inputs & Assumptions'!$K$28*C13/1000,IF('Model Inputs & Assumptions'!$H$28="CPC",'Model Inputs & Assumptions'!$I$28*'Model Inputs & Assumptions'!$K$28*G13,0))) -> 3840.616 | J13: =H13*INDEX('Model Inputs & Assumptions'!$D$40:$D$42,MATCH('Model Inputs & Assumptions'!$L$28,'Model Inputs & Assumptions'!$A$40:$A$42,0))*INDEX('Model Inputs & Assumptions'!$H$40:$H$42,MATCH('Model Inputs & Assumptions'!$L$28,'Model Inputs & Assumptions'!$A$40:$A$42,0)) -> 81412.291 | K13: =H13*INDEX('Model Inputs & Assumptions'!$G$40:$G$42,MATCH('Model Inputs & Assumptions'!$L$28,'Model Inputs & Assumptions'!$A$40:$A$42,0))*INDEX('Model Inputs & Assumptions'!$H$40:$H$42,MATCH('Model Inputs & Assumptions'!$L$28,'Model Inputs & Assumptions'!$A$40:$A$42,0)) -> 1831.7765 | L13: =IFERROR(K13/I13,0) -> 0.47694863 | M13: =IFERROR(I13/H13,0) -> 400.98658 | N13: ='Model Inputs & Assumptions'!$L$28 -> PRD-EUAI | P13: 1.480889 | Q13: 0.872944 | R13: -0.131473 | S13: -3.074613
A14: 11 | B14: ='Model Inputs & Assumptions'!$B$28 -> finanzen.net — Q1 Awareness Burst | C14: =ROUND(MAX(0,'Model Inputs & Assumptions'!$S$28*EXP('Model Inputs & Assumptions'!$T$28*P14-'Model Inputs & Assumptions'!$T$28^2/2)),0) -> 554044 | D14: =MIN(1,'Model Inputs & Assumptions'!$U$28*EXP('Model Inputs & Assumptions'!$V$28*Q14-'Model Inputs & Assumptions'!$V$28^2/2)) -> 0 | E14: =ROUND(C14*D14,0) -> 0 | F14: =MIN(1,'Model Inputs & Assumptions'!$W$28*EXP('Model Inputs & Assumptions'!$X$28*R14-'Model Inputs & Assumptions'!$X$28^2/2)) -> 0.0012223856 | G14: =ROUND(C14*F14,0) -> 677 | H14: =MAX(0,(C14*'Model Inputs & Assumptions'!$N$28+E14*'Model Inputs & Assumptions'!$O$28+G14*'Model Inputs & Assumptions'!$P$28)*EXP('Model Inputs & Assumptions'!$Q$28*S14-'Model Inputs & Assumptions'!$Q$28^2/2)) -> 18.166819 | I14: =IF('Model Inputs & Assumptions'!$H$28="Fixed",'Model Inputs & Assumptions'!$I$28*'Model Inputs & Assumptions'!$K$28,IF('Model Inputs & Assumptions'!$H$28="CPM",'Model Inputs & Assumptions'!$I$28*'Model Inputs & Assumptions'!$K$28*C14/1000,IF('Model Inputs & Assumptions'!$H$28="CPC",'Model Inputs & Assumptions'!$I$28*'Model Inputs & Assumptions'!$K$28*G14,0))) -> 3601.286 | J14: =H14*INDEX('Model Inputs & Assumptions'!$D$40:$D$42,MATCH('Model Inputs & Assumptions'!$L$28,'Model Inputs & Assumptions'!$A$40:$A$42,0))*INDEX('Model Inputs & Assumptions'!$H$40:$H$42,MATCH('Model Inputs & Assumptions'!$L$28,'Model Inputs & Assumptions'!$A$40:$A$42,0)) -> 154417.96 | K14: =H14*INDEX('Model Inputs & Assumptions'!$G$40:$G$42,MATCH('Model Inputs & Assumptions'!$L$28,'Model Inputs & Assumptions'!$A$40:$A$42,0))*INDEX('Model Inputs & Assumptions'!$H$40:$H$42,MATCH('Model Inputs & Assumptions'!$L$28,'Model Inputs & Assumptions'!$A$40:$A$42,0)) -> 3474.4041 | L14: =IFERROR(K14/I14,0) -> 0.9647676 | M14: =IFERROR(I14/H14,0) -> 198.23427 | N14: ='Model Inputs & Assumptions'!$L$28 -> PRD-EUAI | P14: 1.123428 | Q14: 0.989031 | R14: -0.820276 | S14: -0.221722
A15: 12 | B15: ='Model Inputs & Assumptions'!$B$28 -> finanzen.net — Q1 Awareness Burst | C15: =ROUND(MAX(0,'Model Inputs & Assumptions'!$S$28*EXP('Model Inputs & Assumptions'!$T$28*P15-'Model Inputs & Assumptions'!$T$28^2/2)),0) -> 484681 | D15: =MIN(1,'Model Inputs & Assumptions'!$U$28*EXP('Model Inputs & Assumptions'!$V$28*Q15-'Model Inputs & Assumptions'!$V$28^2/2)) -> 0 | E15: =ROUND(C15*D15,0) -> 0 | F15: =MIN(1,'Model Inputs & Assumptions'!$W$28*EXP('Model Inputs & Assumptions'!$X$28*R15-'Model Inputs & Assumptions'!$X$28^2/2)) -> 0.0018102278 | G15: =ROUND(C15*F15,0) -> 877 | H15: =MAX(0,(C15*'Model Inputs & Assumptions'!$N$28+E15*'Model Inputs & Assumptions'!$O$28+G15*'Model Inputs & Assumptions'!$P$28)*EXP('Model Inputs & Assumptions'!$Q$28*S15-'Model Inputs & Assumptions'!$Q$28^2/2)) -> 13.280094 | I15: =IF('Model Inputs & Assumptions'!$H$28="Fixed",'Model Inputs & Assumptions'!$I$28*'Model Inputs & Assumptions'!$K$28,IF('Model Inputs & Assumptions'!$H$28="CPM",'Model Inputs & Assumptions'!$I$28*'Model Inputs & Assumptions'!$K$28*C15/1000,IF('Model Inputs & Assumptions'!$H$28="CPC",'Model Inputs & Assumptions'!$I$28*'Model Inputs & Assumptions'!$K$28*G15,0))) -> 3150.4265 | J15: =H15*INDEX('Model Inputs & Assumptions'!$D$40:$D$42,MATCH('Model Inputs & Assumptions'!$L$28,'Model Inputs & Assumptions'!$A$40:$A$42,0))*INDEX('Model Inputs & Assumptions'!$H$40:$H$42,MATCH('Model Inputs & Assumptions'!$L$28,'Model Inputs & Assumptions'!$A$40:$A$42,0)) -> 112880.8 | K15: =H15*INDEX('Model Inputs & Assumptions'!$G$40:$G$42,MATCH('Model Inputs & Assumptions'!$L$28,'Model Inputs & Assumptions'!$A$40:$A$42,0))*INDEX('Model Inputs & Assumptions'!$H$40:$H$42,MATCH('Model Inputs & Assumptions'!$L$28,'Model Inputs & Assumptions'!$A$40:$A$42,0)) -> 2539.8179 | L15: =IFERROR(K15/I15,0) -> 0.80618224 | M15: =IFERROR(I15/H15,0) -> 237.22924 | N15: ='Model Inputs & Assumptions'!$L$28 -> PRD-EUAI | P15: 0.38036 | Q15: 0.159928 | R15: 0.964489 | S15: -2.128943
... A503: 500 | B503: ='Model Inputs & Assumptions'!$B$28 -> finanzen.net — Q1 Awareness Burst | C503: =ROUND(MAX(0,'Model Inputs & Assumptions'!$S$28*EXP('Model Inputs & Assumptions'!$T$28*P503-'Model Inputs & Assumptions'!$T$28^2/2)),0) -> 504623 | D503: =MIN(1,'Model Inputs & Assumptions'!$U$28*EXP('Model Inputs & Assumptions'!$V$28*Q503-'Model Inputs & Assumptions'!$V$28^2/2)) -> 0 | E503: =ROUND(C503*D503,0) -> 0 | F503: =MIN(1,'Model Inputs & Assumptions'!$W$28*EXP('Model Inputs & Assumptions'!$X$28*R503-'Model Inputs & Assumptions'!$X$28^2/2)) -> 0.0009457777 | G503: =ROUND(C503*F503,0) -> 477 | H503: =MAX(0,(C503*'Model Inputs & Assumptions'!$N$28+E503*'Model Inputs & Assumptions'!$O$28+G503*'Model Inputs & Assumptions'!$P$28)*EXP('Model Inputs & Assumptions'!$Q$28*S503-'Model Inputs & Assumptions'!$Q$28^2/2)) -> 10.762864 | I503: =IF('Model Inputs & Assumptions'!$H$28="Fixed",'Model Inputs & Assumptions'!$I$28*'Model Inputs & Assumptions'!$K$28,IF('Model Inputs & Assumptions'!$H$28="CPM",'Model Inputs & Assumptions'!$I$28*'Model Inputs & Assumptions'!$K$28*C503/1000,IF('Model Inputs & Assumptions'!$H$28="CPC",'Model Inputs & Assumptions'!$I$28*'Model Inputs & Assumptions'!$K$28*G503,0))) -> 3280.0495 | J503: =H503*INDEX('Model Inputs & Assumptions'!$D$40:$D$42,MATCH('Model Inputs & Assumptions'!$L$28,'Model Inputs & Assumptions'!$A$40:$A$42,0))*INDEX('Model Inputs & Assumptions'!$H$40:$H$42,MATCH('Model Inputs & Assumptions'!$L$28,'Model Inputs & Assumptions'!$A$40:$A$42,0)) -> 91484.344 | K503: =H503*INDEX('Model Inputs & Assumptions'!$G$40:$G$42,MATCH('Model Inputs & Assumptions'!$L$28,'Model Inputs & Assumptions'!$A$40:$A$42,0))*INDEX('Model Inputs & Assumptions'!$H$40:$H$42,MATCH('Model Inputs & Assumptions'!$L$28,'Model Inputs & Assumptions'!$A$40:$A$42,0)) -> 2058.3977 | L503: =IFERROR(K503/I503,0) -> 0.62755082 | M503: =IFERROR(I503/H503,0) -> 304.7562 | N503: ='Model Inputs & Assumptions'!$L$28 -> PRD-EUAI | P503: 0.604358 | Q503: 1.502206 | R503: -1.986422 | S503: -0.799523
A504: 1 | B504: ='Model Inputs & Assumptions'!$B$29 -> Handelsblatt — Native Explainer | C504: =ROUND(MAX(0,'Model Inputs & Assumptions'!$S$29*EXP('Model Inputs & Assumptions'!$T$29*P504-'Model Inputs & Assumptions'!$T$29^2/2)),0) -> 199784 | D504: =MIN(1,'Model Inputs & Assumptions'!$U$29*EXP('Model Inputs & Assumptions'!$V$29*Q504-'Model Inputs & Assumptions'!$V$29^2/2)) -> 0 | E504: =ROUND(C504*D504,0) -> 0 | F504: =MIN(1,'Model Inputs & Assumptions'!$W$29*EXP('Model Inputs & Assumptions'!$X$29*R504-'Model Inputs & Assumptions'!$X$29^2/2)) -> 0.0027216092 | G504: =ROUND(C504*F504,0) -> 544 | H504: =MAX(0,(C504*'Model Inputs & Assumptions'!$N$29+E504*'Model Inputs & Assumptions'!$O$29+G504*'Model Inputs & Assumptions'!$P$29)*EXP('Model Inputs & Assumptions'!$Q$29*S504-'Model Inputs & Assumptions'!$Q$29^2/2)) -> 24.173768 | I504: =IF('Model Inputs & Assumptions'!$H$29="Fixed",'Model Inputs & Assumptions'!$I$29*'Model Inputs & Assumptions'!$K$29,IF('Model Inputs & Assumptions'!$H$29="CPM",'Model Inputs & Assumptions'!$I$29*'Model Inputs & Assumptions'!$K$29*C504/1000,IF('Model Inputs & Assumptions'!$H$29="CPC",'Model Inputs & Assumptions'!$I$29*'Model Inputs & Assumptions'!$K$29*G504,0))) -> 6500 | J504: =H504*INDEX('Model Inputs & Assumptions'!$D$40:$D$42,MATCH('Model Inputs & Assumptions'!$L$29,'Model Inputs & Assumptions'!$A$40:$A$42,0))*INDEX('Model Inputs & Assumptions'!$H$40:$H$42,MATCH('Model Inputs & Assumptions'!$L$29,'Model Inputs & Assumptions'!$A$40:$A$42,0)) -> 205477.03 | K504: =H504*INDEX('Model Inputs & Assumptions'!$G$40:$G$42,MATCH('Model Inputs & Assumptions'!$L$29,'Model Inputs & Assumptions'!$A$40:$A$42,0))*INDEX('Model Inputs & Assumptions'!$H$40:$H$42,MATCH('Model Inputs & Assumptions'!$L$29,'Model Inputs & Assumptions'!$A$40:$A$42,0)) -> 4623.2331 | L504: =IFERROR(K504/I504,0) -> 0.71126663 | M504: =IFERROR(I504/H504,0) -> 268.88651 | N504: ='Model Inputs & Assumptions'!$L$29 -> PRD-EUAI | P504: 0.15078 | Q504: -0.750427 | R504: -0.214003 | S504: -0.243163
A505: 2 | B505: ='Model Inputs & Assumptions'!$B$29 -> Handelsblatt — Native Explainer | C505: =ROUND(MAX(0,'Model Inputs & Assumptions'!$S$29*EXP('Model Inputs & Assumptions'!$T$29*P505-'Model Inputs & Assumptions'!$T$29^2/2)),0) -> 295445 | D505: =MIN(1,'Model Inputs & Assumptions'!$U$29*EXP('Model Inputs & Assumptions'!$V$29*Q505-'Model Inputs & Assumptions'!$V$29^2/2)) -> 0 | E505: =ROUND(C505*D505,0) -> 0 | F505: =MIN(1,'Model Inputs & Assumptions'!$W$29*EXP('Model Inputs & Assumptions'!$X$29*R505-'Model Inputs & Assumptions'!$X$29^2/2)) -> 0.001967859 | G505: =ROUND(C505*F505,0) -> 581 | H505: =MAX(0,(C505*'Model Inputs & Assumptions'!$N$29+E505*'Model Inputs & Assumptions'!$O$29+G505*'Model Inputs & Assumptions'!$P$29)*EXP('Model Inputs & Assumptions'!$Q$29*S505-'Model Inputs & Assumptions'!$Q$29^2/2)) -> 27.882339 | I505: =IF('Model Inputs & Assumptions'!$H$29="Fixed",'Model Inputs & Assumptions'!$I$29*'Model Inputs & Assumptions'!$K$29,IF('Model Inputs & Assumptions'!$H$29="CPM",'Model Inputs & Assumptions'!$I$29*'Model Inputs & Assumptions'!$K$29*C505/1000,IF('Model Inputs & Assumptions'!$H$29="CPC",'Model Inputs & Assumptions'!$I$29*'Model Inputs & Assumptions'!$K$29*G505,0))) -> 6500 | J505: =H505*INDEX('Model Inputs & Assumptions'!$D$40:$D$42,MATCH('Model Inputs & Assumptions'!$L$29,'Model Inputs & Assumptions'!$A$40:$A$42,0))*INDEX('Model Inputs & Assumptions'!$H$40:$H$42,MATCH('Model Inputs & Assumptions'!$L$29,'Model Inputs & Assumptions'!$A$40:$A$42,0)) -> 236999.88 | K505: =H505*INDEX('Model Inputs & Assumptions'!$G$40:$G$42,MATCH('Model Inputs & Assumptions'!$L$29,'Model Inputs & Assumptions'!$A$40:$A$42,0))*INDEX('Model Inputs & Assumptions'!$H$40:$H$42,MATCH('Model Inputs & Assumptions'!$L$29,'Model Inputs & Assumptions'!$A$40:$A$42,0)) -> 5332.4974 | L505: =IFERROR(K505/I505,0) -> 0.82038421 | M505: =IFERROR(I505/H505,0) -> 233.12248 | N505: ='Model Inputs & Assumptions'!$L$29 -> PRD-EUAI | P505: 1.929157 | Q505: -1.34581 | R505: -1.461223 | S505: 0.01325
A506: 3 | B506: ='Model Inputs & Assumptions'!$B$29 -> Handelsblatt — Native Explainer | C506: =ROUND(MAX(0,'Model Inputs & Assumptions'!$S$29*EXP('Model Inputs & Assumptions'!$T$29*P506-'Model Inputs & Assumptions'!$T$29^2/2)),0) -> 167853 | D506: =MIN(1,'Model Inputs & Assumptions'!$U$29*EXP('Model Inputs & Assumptions'!$V$29*Q506-'Model Inputs & Assumptions'!$V$29^2/2)) -> 0 | E506: =ROUND(C506*D506,0) -> 0 | F506: =MIN(1,'Model Inputs & Assumptions'!$W$29*EXP('Model Inputs & Assumptions'!$X$29*R506-'Model Inputs & Assumptions'!$X$29^2/2)) -> 0.0046867082 | G506: =ROUND(C506*F506,0) -> 787 | H506: =MAX(0,(C506*'Model Inputs & Assumptions'!$N$29+E506*'Model Inputs & Assumptions'!$O$29+G506*'Model Inputs & Assumptions'!$P$29)*EXP('Model Inputs & Assumptions'!$Q$29*S506-'Model Inputs & Assumptions'!$Q$29^2/2)) -> 45.08788 | I506: =IF('Model Inputs & Assumptions'!$H$29="Fixed",'Model Inputs & Assumptions'!$I$29*'Model Inputs & Assumptions'!$K$29,IF('Model Inputs & Assumptions'!$H$29="CPM",'Model Inputs & Assumptions'!$I$29*'Model Inputs & Assumptions'!$K$29*C506/1000,IF('Model Inputs & Assumptions'!$H$29="CPC",'Model Inputs & Assumptions'!$I$29*'Model Inputs & Assumptions'!$K$29*G506,0))) -> 6500 | J506: =H506*INDEX('Model Inputs & Assumptions'!$D$40:$D$42,MATCH('Model Inputs & Assumptions'!$L$29,'Model Inputs & Assumptions'!$A$40:$A$42,0))*INDEX('Model Inputs & Assumptions'!$H$40:$H$42,MATCH('Model Inputs & Assumptions'!$L$29,'Model Inputs & Assumptions'!$A$40:$A$42,0)) -> 383246.98 | K506: =H506*INDEX('Model Inputs & Assumptions'!$G$40:$G$42,MATCH('Model Inputs & Assumptions'!$L$29,'Model Inputs & Assumptions'!$A$40:$A$42,0))*INDEX('Model Inputs & Assumptions'!$H$40:$H$42,MATCH('Model Inputs & Assumptions'!$L$29,'Model Inputs & Assumptions'!$A$40:$A$42,0)) -> 8623.0571 | L506: =IFERROR(K506/I506,0) -> 1.3266242 | M506: =IFERROR(I506/H506,0) -> 144.16291 | N506: ='Model Inputs & Assumptions'!$L$29 -> PRD-EUAI | P506: -0.64082 | Q506: -0.04166 | R506: 1.876409 | S506: 0.603725
A507: 4 | B507: ='Model Inputs & Assumptions'!$B$29 -> Handelsblatt — Native Explainer | C507: =ROUND(MAX(0,'Model Inputs & Assumptions'!$S$29*EXP('Model Inputs & Assumptions'!$T$29*P507-'Model Inputs & Assumptions'!$T$29^2/2)),0) -> 226666 | D507: =MIN(1,'Model Inputs & Assumptions'!$U$29*EXP('Model Inputs & Assumptions'!$V$29*Q507-'Model Inputs & Assumptions'!$V$29^2/2)) -> 0 | E507: =ROUND(C507*D507,0) -> 0 | F507: =MIN(1,'Model Inputs & Assumptions'!$W$29*EXP('Model Inputs & Assumptions'!$X$29*R507-'Model Inputs & Assumptions'!$X$29^2/2)) -> 0.0019818446 | G507: =ROUND(C507*F507,0) -> 449 | H507: =MAX(0,(C507*'Model Inputs & Assumptions'!$N$29+E507*'Model Inputs & Assumptions'!$O$29+G507*'Model Inputs & Assumptions'!$P$29)*EXP('Model Inputs & Assumptions'!$Q$29*S507-'Model Inputs & Assumptions'!$Q$29^2/2)) -> 21.15444 | I507: =IF('Model Inputs & Assumptions'!$H$29="Fixed",'Model Inputs & Assumptions'!$I$29*'Model Inputs & Assumptions'!$K$29,IF('Model Inputs & Assumptions'!$H$29="CPM",'Model Inputs & Assumptions'!$I$29*'Model Inputs & Assumptions'!$K$29*C507/1000,IF('Model Inputs & Assumptions'!$H$29="CPC",'Model Inputs & Assumptions'!$I$29*'Model Inputs & Assumptions'!$K$29*G507,0))) -> 6500 | J507: =H507*INDEX('Model Inputs & Assumptions'!$D$40:$D$42,MATCH('Model Inputs & Assumptions'!$L$29,'Model Inputs & Assumptions'!$A$40:$A$42,0))*INDEX('Model Inputs & Assumptions'!$H$40:$H$42,MATCH('Model Inputs & Assumptions'!$L$29,'Model Inputs & Assumptions'!$A$40:$A$42,0)) -> 179812.74 | K507: =H507*INDEX('Model Inputs & Assumptions'!$G$40:$G$42,MATCH('Model Inputs & Assumptions'!$L$29,'Model Inputs & Assumptions'!$A$40:$A$42,0))*INDEX('Model Inputs & Assumptions'!$H$40:$H$42,MATCH('Model Inputs & Assumptions'!$L$29,'Model Inputs & Assumptions'!$A$40:$A$42,0)) -> 4045.7867 | L507: =IFERROR(K507/I507,0) -> 0.62242872 | M507: =IFERROR(I507/H507,0) -> 307.2641 | N507: ='Model Inputs & Assumptions'!$L$29 -> PRD-EUAI | P507: 0.724584 | Q507: 0.728943 | R507: -1.433985 | S507: -0.048136
A508: 5 | B508: ='Model Inputs & Assumptions'!$B$29 -> Handelsblatt — Native Explainer | C508: =ROUND(MAX(0,'Model Inputs & Assumptions'!$S$29*EXP('Model Inputs & Assumptions'!$T$29*P508-'Model Inputs & Assumptions'!$T$29^2/2)),0) -> 165784 | D508: =MIN(1,'Model Inputs & Assumptions'!$U$29*EXP('Model Inputs & Assumptions'!$V$29*Q508-'Model Inputs & Assumptions'!$V$29^2/2)) -> 0 | E508: =ROUND(C508*D508,0) -> 0 | F508: =MIN(1,'Model Inputs & Assumptions'!$W$29*EXP('Model Inputs & Assumptions'!$X$29*R508-'Model Inputs & Assumptions'!$X$29^2/2)) -> 0.0032122188 | G508: =ROUND(C508*F508,0) -> 533 | H508: =MAX(0,(C508*'Model Inputs & Assumptions'!$N$29+E508*'Model Inputs & Assumptions'!$O$29+G508*'Model Inputs & Assumptions'!$P$29)*EXP('Model Inputs & Assumptions'!$Q$29*S508-'Model Inputs & Assumptions'!$Q$29^2/2)) -> 22.278691 | I508: =IF('Model Inputs & Assumptions'!$H$29="Fixed",'Model Inputs & Assumptions'!$I$29*'Model Inputs & Assumptions'!$K$29,IF('Model Inputs & Assumptions'!$H$29="CPM",'Model Inputs & Assumptions'!$I$29*'Model Inputs & Assumptions'!$K$29*C508/1000,IF('Model Inputs & Assumptions'!$H$29="CPC",'Model Inputs & Assumptions'!$I$29*'Model Inputs & Assumptions'!$K$29*G508,0))) -> 6500 | J508: =H508*INDEX('Model Inputs & Assumptions'!$D$40:$D$42,MATCH('Model Inputs & Assumptions'!$L$29,'Model Inputs & Assumptions'!$A$40:$A$42,0))*INDEX('Model Inputs & Assumptions'!$H$40:$H$42,MATCH('Model Inputs & Assumptions'!$L$29,'Model Inputs & Assumptions'!$A$40:$A$42,0)) -> 189368.87 | K508: =H508*INDEX('Model Inputs & Assumptions'!$G$40:$G$42,MATCH('Model Inputs & Assumptions'!$L$29,'Model Inputs & Assumptions'!$A$40:$A$42,0))*INDEX('Model Inputs & Assumptions'!$H$40:$H$42,MATCH('Model Inputs & Assumptions'!$L$29,'Model Inputs & Assumptions'!$A$40:$A$42,0)) -> 4260.7996 | L508: =IFERROR(K508/I508,0) -> 0.65550763 | M508: =IFERROR(I508/H508,0) -> 291.75862 | N508: ='Model Inputs & Assumptions'!$L$29 -> PRD-EUAI | P508: -0.697196 | Q508: -1.259171 | R508: 0.423453 | S508: -0.447195
A509: 6 | B509: ='Model Inputs & Assumptions'!$B$29 -> Handelsblatt — Native Explainer | C509: =ROUND(MAX(0,'Model Inputs & Assumptions'!$S$29*EXP('Model Inputs & Assumptions'!$T$29*P509-'Model Inputs & Assumptions'!$T$29^2/2)),0) -> 206968 | D509: =MIN(1,'Model Inputs & Assumptions'!$U$29*EXP('Model Inputs & Assumptions'!$V$29*Q509-'Model Inputs & Assumptions'!$V$29^2/2)) -> 0 | E509: =ROUND(C509*D509,0) -> 0 | F509: =MIN(1,'Model Inputs & Assumptions'!$W$29*EXP('Model Inputs & Assumptions'!$X$29*R509-'Model Inputs & Assumptions'!$X$29^2/2)) -> 0.0027242202 | G509: =ROUND(C509*F509,0) -> 564 | H509: =MAX(0,(C509*'Model Inputs & Assumptions'!$N$29+E509*'Model Inputs & Assumptions'!$O$29+G509*'Model Inputs & Assumptions'!$P$29)*EXP('Model Inputs & Assumptions'!$Q$29*S509-'Model Inputs & Assumptions'!$Q$29^2/2)) -> 21.822411 | I509: =IF('Model Inputs & Assumptions'!$H$29="Fixed",'Model Inputs & Assumptions'!$I$29*'Model Inputs & Assumptions'!$K$29,IF('Model Inputs & Assumptions'!$H$29="CPM",'Model Inputs & Assumptions'!$I$29*'Model Inputs & Assumptions'!$K$29*C509/1000,IF('Model Inputs & Assumptions'!$H$29="CPC",'Model Inputs & Assumptions'!$I$29*'Model Inputs & Assumptions'!$K$29*G509,0))) -> 6500 | J509: =H509*INDEX('Model Inputs & Assumptions'!$D$40:$D$42,MATCH('Model Inputs & Assumptions'!$L$29,'Model Inputs & Assumptions'!$A$40:$A$42,0))*INDEX('Model Inputs & Assumptions'!$H$40:$H$42,MATCH('Model Inputs & Assumptions'!$L$29,'Model Inputs & Assumptions'!$A$40:$A$42,0)) -> 185490.5 | K509: =H509*INDEX('Model Inputs & Assumptions'!$G$40:$G$42,MATCH('Model Inputs & Assumptions'!$L$29,'Model Inputs & Assumptions'!$A$40:$A$42,0))*INDEX('Model Inputs & Assumptions'!$H$40:$H$42,MATCH('Model Inputs & Assumptions'!$L$29,'Model Inputs & Assumptions'!$A$40:$A$42,0)) -> 4173.5361 | L509: =IFERROR(K509/I509,0) -> 0.64208248 | M509: =IFERROR(I509/H509,0) -> 297.85893 | N509: ='Model Inputs & Assumptions'!$L$29 -> PRD-EUAI | P509: 0.311352 | Q509: -1.752484 | R509: -0.210315 | S509: -0.704615
A510: 7 | B510: ='Model Inputs & Assumptions'!$B$29 -> Handelsblatt — Native Explainer | C510: =ROUND(MAX(0,'Model Inputs & Assumptions'!$S$29*EXP('Model Inputs & Assumptions'!$T$29*P510-'Model Inputs & Assumptions'!$T$29^2/2)),0) -> 179727 | D510: =MIN(1,'Model Inputs & Assumptions'!$U$29*EXP('Model Inputs & Assumptions'!$V$29*Q510-'Model Inputs & Assumptions'!$V$29^2/2)) -> 0 | E510: =ROUND(C510*D510,0) -> 0 | F510: =MIN(1,'Model Inputs & Assumptions'!$W$29*EXP('Model Inputs & Assumptions'!$X$29*R510-'Model Inputs & Assumptions'!$X$29^2/2)) -> 0.0022447158 | G510: =ROUND(C510*F510,0) -> 403 | H510: =MAX(0,(C510*'Model Inputs & Assumptions'!$N$29+E510*'Model Inputs & Assumptions'!$O$29+G510*'Model Inputs & Assumptions'!$P$29)*EXP('Model Inputs & Assumptions'!$Q$29*S510-'Model Inputs & Assumptions'!$Q$29^2/2)) -> 11.561613 | I510: =IF('Model Inputs & Assumptions'!$H$29="Fixed",'Model Inputs & Assumptions'!$I$29*'Model Inputs & Assumptions'!$K$29,IF('Model Inputs & Assumptions'!$H$29="CPM",'Model Inputs & Assumptions'!$I$29*'Model Inputs & Assumptions'!$K$29*C510/1000,IF('Model Inputs & Assumptions'!$H$29="CPC",'Model Inputs & Assumptions'!$I$29*'Model Inputs & Assumptions'!$K$29*G510,0))) -> 6500 | J510: =H510*INDEX('Model Inputs & Assumptions'!$D$40:$D$42,MATCH('Model Inputs & Assumptions'!$L$29,'Model Inputs & Assumptions'!$A$40:$A$42,0))*INDEX('Model Inputs & Assumptions'!$H$40:$H$42,MATCH('Model Inputs & Assumptions'!$L$29,'Model Inputs & Assumptions'!$A$40:$A$42,0)) -> 98273.711 | K510: =H510*INDEX('Model Inputs & Assumptions'!$G$40:$G$42,MATCH('Model Inputs & Assumptions'!$L$29,'Model Inputs & Assumptions'!$A$40:$A$42,0))*INDEX('Model Inputs & Assumptions'!$H$40:$H$42,MATCH('Model Inputs & Assumptions'!$L$29,'Model Inputs & Assumptions'!$A$40:$A$42,0)) -> 2211.1585 | L510: =IFERROR(K510/I510,0) -> 0.34017823 | M510: =IFERROR(I510/H510,0) -> 562.20529 | N510: ='Model Inputs & Assumptions'!$L$29 -> PRD-EUAI | P510: -0.330132 | Q510: -0.135714 | R510: -0.954943 | S510: -1.701713
A511: 8 | B511: ='Model Inputs & Assumptions'!$B$29 -> Handelsblatt — Native Explainer | C511: =ROUND(MAX(0,'Model Inputs & Assumptions'!$S$29*EXP('Model Inputs & Assumptions'!$T$29*P511-'Model Inputs & Assumptions'!$T$29^2/2)),0) -> 225801 | D511: =MIN(1,'Model Inputs & Assumptions'!$U$29*EXP('Model Inputs & Assumptions'!$V$29*Q511-'Model Inputs & Assumptions'!$V$29^2/2)) -> 0 | E511: =ROUND(C511*D511,0) -> 0 | F511: =MIN(1,'Model Inputs & Assumptions'!$W$29*EXP('Model Inputs & Assumptions'!$X$29*R511-'Model Inputs & Assumptions'!$X$29^2/2)) -> 0.0021654422 | G511: =ROUND(C511*F511,0) -> 489 | H511: =MAX(0,(C511*'Model Inputs & Assumptions'!$N$29+E511*'Model Inputs & Assumptions'!$O$29+G511*'Model Inputs & Assumptions'!$P$29)*EXP('Model Inputs & Assumptions'!$Q$29*S511-'Model Inputs & Assumptions'!$Q$29^2/2)) -> 17.015948 | I511: =IF('Model Inputs & Assumptions'!$H$29="Fixed",'Model Inputs & Assumptions'!$I$29*'Model Inputs & Assumptions'!$K$29,IF('Model Inputs & Assumptions'!$H$29="CPM",'Model Inputs & Assumptions'!$I$29*'Model Inputs & Assumptions'!$K$29*C511/1000,IF('Model Inputs & Assumptions'!$H$29="CPC",'Model Inputs & Assumptions'!$I$29*'Model Inputs & Assumptions'!$K$29*G511,0))) -> 6500 | J511: =H511*INDEX('Model Inputs & Assumptions'!$D$40:$D$42,MATCH('Model Inputs & Assumptions'!$L$29,'Model Inputs & Assumptions'!$A$40:$A$42,0))*INDEX('Model Inputs & Assumptions'!$H$40:$H$42,MATCH('Model Inputs & Assumptions'!$L$29,'Model Inputs & Assumptions'!$A$40:$A$42,0)) -> 144635.56 | K511: =H511*INDEX('Model Inputs & Assumptions'!$G$40:$G$42,MATCH('Model Inputs & Assumptions'!$L$29,'Model Inputs & Assumptions'!$A$40:$A$42,0))*INDEX('Model Inputs & Assumptions'!$H$40:$H$42,MATCH('Model Inputs & Assumptions'!$L$29,'Model Inputs & Assumptions'!$A$40:$A$42,0)) -> 3254.3 | L511: =IFERROR(K511/I511,0) -> 0.50066154 | M511: =IFERROR(I511/H511,0) -> 381.99459 | N511: ='Model Inputs & Assumptions'!$L$29 -> PRD-EUAI | P511: 0.707219 | Q511: 1.24578 | R511: -1.093229 | S511: -1.058264
A512: 9 | B512: ='Model Inputs & Assumptions'!$B$29 -> Handelsblatt — Native Explainer | C512: =ROUND(MAX(0,'Model Inputs & Assumptions'!$S$29*EXP('Model Inputs & Assumptions'!$T$29*P512-'Model Inputs & Assumptions'!$T$29^2/2)),0) -> 183004 | D512: =MIN(1,'Model Inputs & Assumptions'!$U$29*EXP('Model Inputs & Assumptions'!$V$29*Q512-'Model Inputs & Assumptions'!$V$29^2/2)) -> 0 | E512: =ROUND(C512*D512,0) -> 0 | F512: =MIN(1,'Model Inputs & Assumptions'!$W$29*EXP('Model Inputs & Assumptions'!$X$29*R512-'Model Inputs & Assumptions'!$X$29^2/2)) -> 0.0022203692 | G512: =ROUND(C512*F512,0) -> 406 | H512: =MAX(0,(C512*'Model Inputs & Assumptions'!$N$29+E512*'Model Inputs & Assumptions'!$O$29+G512*'Model Inputs & Assumptions'!$P$29)*EXP('Model Inputs & Assumptions'!$Q$29*S512-'Model Inputs & Assumptions'!$Q$29^2/2)) -> 10.274844 | I512: =IF('Model Inputs & Assumptions'!$H$29="Fixed",'Model Inputs & Assumptions'!$I$29*'Model Inputs & Assumptions'!$K$29,IF('Model Inputs & Assumptions'!$H$29="CPM",'Model Inputs & Assumptions'!$I$29*'Model Inputs & Assumptions'!$K$29*C512/1000,IF('Model Inputs & Assumptions'!$H$29="CPC",'Model Inputs & Assumptions'!$I$29*'Model Inputs & Assumptions'!$K$29*G512,0))) -> 6500 | J512: =H512*INDEX('Model Inputs & Assumptions'!$D$40:$D$42,MATCH('Model Inputs & Assumptions'!$L$29,'Model Inputs & Assumptions'!$A$40:$A$42,0))*INDEX('Model Inputs & Assumptions'!$H$40:$H$42,MATCH('Model Inputs & Assumptions'!$L$29,'Model Inputs & Assumptions'!$A$40:$A$42,0)) -> 87336.175 | K512: =H512*INDEX('Model Inputs & Assumptions'!$G$40:$G$42,MATCH('Model Inputs & Assumptions'!$L$29,'Model Inputs & Assumptions'!$A$40:$A$42,0))*INDEX('Model Inputs & Assumptions'!$H$40:$H$42,MATCH('Model Inputs & Assumptions'!$L$29,'Model Inputs & Assumptions'!$A$40:$A$42,0)) -> 1965.0639 | L512: =IFERROR(K512/I512,0) -> 0.30231753 | M512: =IFERROR(I512/H512,0) -> 632.61301 | N512: ='Model Inputs & Assumptions'!$L$29 -> PRD-EUAI | P512: -0.248001 | Q512: -1.709726 | R512: -0.996887 | S512: -2.119741
A513: 10 | B513: ='Model Inputs & Assumptions'!$B$29 -> Handelsblatt — Native Explainer | C513: =ROUND(MAX(0,'Model Inputs & Assumptions'!$S$29*EXP('Model Inputs & Assumptions'!$T$29*P513-'Model Inputs & Assumptions'!$T$29^2/2)),0) -> 205204 | D513: =MIN(1,'Model Inputs & Assumptions'!$U$29*EXP('Model Inputs & Assumptions'!$V$29*Q513-'Model Inputs & Assumptions'!$V$29^2/2)) -> 0 | E513: =ROUND(C513*D513,0) -> 0 | F513: =MIN(1,'Model Inputs & Assumptions'!$W$29*EXP('Model Inputs & Assumptions'!$X$29*R513-'Model Inputs & Assumptions'!$X$29^2/2)) -> 0.0024876344 | G513: =ROUND(C513*F513,0) -> 510 | H513: =MAX(0,(C513*'Model Inputs & Assumptions'!$N$29+E513*'Model Inputs & Assumptions'!$O$29+G513*'Model Inputs & Assumptions'!$P$29)*EXP('Model Inputs & Assumptions'!$Q$29*S513-'Model Inputs & Assumptions'!$Q$29^2/2)) -> 39.943987 | I513: =IF('Model Inputs & Assumptions'!$H$29="Fixed",'Model Inputs & Assumptions'!$I$29*'Model Inputs & Assumptions'!$K$29,IF('Model Inputs & Assumptions'!$H$29="CPM",'Model Inputs & Assumptions'!$I$29*'Model Inputs & Assumptions'!$K$29*C513/1000,IF('Model Inputs & Assumptions'!$H$29="CPC",'Model Inputs & Assumptions'!$I$29*'Model Inputs & Assumptions'!$K$29*G513,0))) -> 6500 | J513: =H513*INDEX('Model Inputs & Assumptions'!$D$40:$D$42,MATCH('Model Inputs & Assumptions'!$L$29,'Model Inputs & Assumptions'!$A$40:$A$42,0))*INDEX('Model Inputs & Assumptions'!$H$40:$H$42,MATCH('Model Inputs & Assumptions'!$L$29,'Model Inputs & Assumptions'!$A$40:$A$42,0)) -> 339523.89 | K513: =H513*INDEX('Model Inputs & Assumptions'!$G$40:$G$42,MATCH('Model Inputs & Assumptions'!$L$29,'Model Inputs & Assumptions'!$A$40:$A$42,0))*INDEX('Model Inputs & Assumptions'!$H$40:$H$42,MATCH('Model Inputs & Assumptions'!$L$29,'Model Inputs & Assumptions'!$A$40:$A$42,0)) -> 7639.2875 | L513: =IFERROR(K513/I513,0) -> 1.175275 | M513: =IFERROR(I513/H513,0) -> 162.72787 | N513: ='Model Inputs & Assumptions'!$L$29 -> PRD-EUAI | P513: 0.272443 | Q513: 0.506643 | R513: -0.559738 | S513: 1.645999
A514: 11 | B514: ='Model Inputs & Assumptions'!$B$29 -> Handelsblatt — Native Explainer | C514: =ROUND(MAX(0,'Model Inputs & Assumptions'!$S$29*EXP('Model Inputs & Assumptions'!$T$29*P514-'Model Inputs & Assumptions'!$T$29^2/2)),0) -> 172668 | D514: =MIN(1,'Model Inputs & Assumptions'!$U$29*EXP('Model Inputs & Assumptions'!$V$29*Q514-'Model Inputs & Assumptions'!$V$29^2/2)) -> 0 | E514: =ROUND(C514*D514,0) -> 0 | F514: =MIN(1,'Model Inputs & Assumptions'!$W$29*EXP('Model Inputs & Assumptions'!$X$29*R514-'Model Inputs & Assumptions'!$X$29^2/2)) -> 0.0040406945 | G514: =ROUND(C514*F514,0) -> 698 | H514: =MAX(0,(C514*'Model Inputs & Assumptions'!$N$29+E514*'Model Inputs & Assumptions'!$O$29+G514*'Model Inputs & Assumptions'!$P$29)*EXP('Model Inputs & Assumptions'!$Q$29*S514-'Model Inputs & Assumptions'!$Q$29^2/2)) -> 27.410658 | I514: =IF('Model Inputs & Assumptions'!$H$29="Fixed",'Model Inputs & Assumptions'!$I$29*'Model Inputs & Assumptions'!$K$29,IF('Model Inputs & Assumptions'!$H$29="CPM",'Model Inputs & Assumptions'!$I$29*'Model Inputs & Assumptions'!$K$29*C514/1000,IF('Model Inputs & Assumptions'!$H$29="CPC",'Model Inputs & Assumptions'!$I$29*'Model Inputs & Assumptions'!$K$29*G514,0))) -> 6500 | J514: =H514*INDEX('Model Inputs & Assumptions'!$D$40:$D$42,MATCH('Model Inputs & Assumptions'!$L$29,'Model Inputs & Assumptions'!$A$40:$A$42,0))*INDEX('Model Inputs & Assumptions'!$H$40:$H$42,MATCH('Model Inputs & Assumptions'!$L$29,'Model Inputs & Assumptions'!$A$40:$A$42,0)) -> 232990.6 | K514: =H514*INDEX('Model Inputs & Assumptions'!$G$40:$G$42,MATCH('Model Inputs & Assumptions'!$L$29,'Model Inputs & Assumptions'!$A$40:$A$42,0))*INDEX('Model Inputs & Assumptions'!$H$40:$H$42,MATCH('Model Inputs & Assumptions'!$L$29,'Model Inputs & Assumptions'!$A$40:$A$42,0)) -> 5242.2884 | L514: =IFERROR(K514/I514,0) -> 0.80650591 | M514: =IFERROR(I514/H514,0) -> 237.13403 | N514: ='Model Inputs & Assumptions'!$L$29 -> PRD-EUAI | P514: -0.512267 | Q514: -0.363338 | R514: 1.305971 | S514: -0.655183
A515: 12 | B515: ='Model Inputs & Assumptions'!$B$29 -> Handelsblatt — Native Explainer | C515: =ROUND(MAX(0,'Model Inputs & Assumptions'!$S$29*EXP('Model Inputs & Assumptions'!$T$29*P515-'Model Inputs & Assumptions'!$T$29^2/2)),0) -> 165697 | D515: =MIN(1,'Model Inputs & Assumptions'!$U$29*EXP('Model Inputs & Assumptions'!$V$29*Q515-'Model Inputs & Assumptions'!$V$29^2/2)) -> 0 | E515: =ROUND(C515*D515,0) -> 0 | F515: =MIN(1,'Model Inputs & Assumptions'!$W$29*EXP('Model Inputs & Assumptions'!$X$29*R515-'Model Inputs & Assumptions'!$X$29^2/2)) -> 0.00231076 | G515: =ROUND(C515*F515,0) -> 383 | H515: =MAX(0,(C515*'Model Inputs & Assumptions'!$N$29+E515*'Model Inputs & Assumptions'!$O$29+G515*'Model Inputs & Assumptions'!$P$29)*EXP('Model Inputs & Assumptions'!$Q$29*S515-'Model Inputs & Assumptions'!$Q$29^2/2)) -> 16.821866 | I515: =IF('Model Inputs & Assumptions'!$H$29="Fixed",'Model Inputs & Assumptions'!$I$29*'Model Inputs & Assumptions'!$K$29,IF('Model Inputs & Assumptions'!$H$29="CPM",'Model Inputs & Assumptions'!$I$29*'Model Inputs & Assumptions'!$K$29*C515/1000,IF('Model Inputs & Assumptions'!$H$29="CPC",'Model Inputs & Assumptions'!$I$29*'Model Inputs & Assumptions'!$K$29*G515,0))) -> 6500 | J515: =H515*INDEX('Model Inputs & Assumptions'!$D$40:$D$42,MATCH('Model Inputs & Assumptions'!$L$29,'Model Inputs & Assumptions'!$A$40:$A$42,0))*INDEX('Model Inputs & Assumptions'!$H$40:$H$42,MATCH('Model Inputs & Assumptions'!$L$29,'Model Inputs & Assumptions'!$A$40:$A$42,0)) -> 142985.86 | K515: =H515*INDEX('Model Inputs & Assumptions'!$G$40:$G$42,MATCH('Model Inputs & Assumptions'!$L$29,'Model Inputs & Assumptions'!$A$40:$A$42,0))*INDEX('Model Inputs & Assumptions'!$H$40:$H$42,MATCH('Model Inputs & Assumptions'!$L$29,'Model Inputs & Assumptions'!$A$40:$A$42,0)) -> 3217.182 | L515: =IFERROR(K515/I515,0) -> 0.49495107 | M515: =IFERROR(I515/H515,0) -> 386.40183 | N515: ='Model Inputs & Assumptions'!$L$29 -> PRD-EUAI | P515: -0.699572 | Q515: 0.224743 | R515: -0.843414 | S515: -0.282077
... A1003: 500 | B1003: ='Model Inputs & Assumptions'!$B$29 -> Handelsblatt — Native Explainer | C1003: =ROUND(MAX(0,'Model Inputs & Assumptions'!$S$29*EXP('Model Inputs & Assumptions'!$T$29*P1003-'Model Inputs & Assumptions'!$T$29^2/2)),0) -> 153227 | D1003: =MIN(1,'Model Inputs & Assumptions'!$U$29*EXP('Model Inputs & Assumptions'!$V$29*Q1003-'Model Inputs & Assumptions'!$V$29^2/2)) -> 0 | E1003: =ROUND(C1003*D1003,0) -> 0 | F1003: =MIN(1,'Model Inputs & Assumptions'!$W$29*EXP('Model Inputs & Assumptions'!$X$29*R1003-'Model Inputs & Assumptions'!$X$29^2/2)) -> 0.0049263928 | G1003: =ROUND(C1003*F1003,0) -> 755 | H1003: =MAX(0,(C1003*'Model Inputs & Assumptions'!$N$29+E1003*'Model Inputs & Assumptions'!$O$29+G1003*'Model Inputs & Assumptions'!$P$29)*EXP('Model Inputs & Assumptions'!$Q$29*S1003-'Model Inputs & Assumptions'!$Q$29^2/2)) -> 41.969459 | I1003: =IF('Model Inputs & Assumptions'!$H$29="Fixed",'Model Inputs & Assumptions'!$I$29*'Model Inputs & Assumptions'!$K$29,IF('Model Inputs & Assumptions'!$H$29="CPM",'Model Inputs & Assumptions'!$I$29*'Model Inputs & Assumptions'!$K$29*C1003/1000,IF('Model Inputs & Assumptions'!$H$29="CPC",'Model Inputs & Assumptions'!$I$29*'Model Inputs & Assumptions'!$K$29*G1003,0))) -> 6500 | J1003: =H1003*INDEX('Model Inputs & Assumptions'!$D$40:$D$42,MATCH('Model Inputs & Assumptions'!$L$29,'Model Inputs & Assumptions'!$A$40:$A$42,0))*INDEX('Model Inputs & Assumptions'!$H$40:$H$42,MATCH('Model Inputs & Assumptions'!$L$29,'Model Inputs & Assumptions'!$A$40:$A$42,0)) -> 356740.4 | K1003: =H1003*INDEX('Model Inputs & Assumptions'!$G$40:$G$42,MATCH('Model Inputs & Assumptions'!$L$29,'Model Inputs & Assumptions'!$A$40:$A$42,0))*INDEX('Model Inputs & Assumptions'!$H$40:$H$42,MATCH('Model Inputs & Assumptions'!$L$29,'Model Inputs & Assumptions'!$A$40:$A$42,0)) -> 8026.6589 | L1003: =IFERROR(K1003/I1003,0) -> 1.2348706 | M1003: =IFERROR(I1003/H1003,0) -> 154.87453 | N1003: ='Model Inputs & Assumptions'!$L$29 -> PRD-EUAI | P1003: -1.055226 | Q1003: 0.064089 | R1003: 2.068242 | S1003: 0.503189
A1004: 1 | B1004: ='Model Inputs & Assumptions'!$B$30 -> extraETF — Newsletter Takeover | C1004: =ROUND(MAX(0,'Model Inputs & Assumptions'!$S$30*EXP('Model Inputs & Assumptions'!$T$30*P1004-'Model Inputs & Assumptions'!$T$30^2/2)),0) -> 93310 | D1004: =MIN(1,'Model Inputs & Assumptions'!$U$30*EXP('Model Inputs & Assumptions'!$V$30*Q1004-'Model Inputs & Assumptions'!$V$30^2/2)) -> 0 | E1004: =ROUND(C1004*D1004,0) -> 0 | F1004: =MIN(1,'Model Inputs & Assumptions'!$W$30*EXP('Model Inputs & Assumptions'!$X$30*R1004-'Model Inputs & Assumptions'!$X$30^2/2)) -> 0.0067478784 | G1004: =ROUND(C1004*F1004,0) -> 630 | H1004: =MAX(0,(C1004*'Model Inputs & Assumptions'!$N$30+E1004*'Model Inputs & Assumptions'!$O$30+G1004*'Model Inputs & Assumptions'!$P$30)*EXP('Model Inputs & Assumptions'!$Q$30*S1004-'Model Inputs & Assumptions'!$Q$30^2/2)) -> 33.566576 | I1004: =IF('Model Inputs & Assumptions'!$H$30="Fixed",'Model Inputs & Assumptions'!$I$30*'Model Inputs & Assumptions'!$K$30,IF('Model Inputs & Assumptions'!$H$30="CPM",'Model Inputs & Assumptions'!$I$30*'Model Inputs & Assumptions'!$K$30*C1004/1000,IF('Model Inputs & Assumptions'!$H$30="CPC",'Model Inputs & Assumptions'!$I$30*'Model Inputs & Assumptions'!$K$30*G1004,0))) -> 6900 | J1004: =H1004*INDEX('Model Inputs & Assumptions'!$D$40:$D$42,MATCH('Model Inputs & Assumptions'!$L$30,'Model Inputs & Assumptions'!$A$40:$A$42,0))*INDEX('Model Inputs & Assumptions'!$H$40:$H$42,MATCH('Model Inputs & Assumptions'!$L$30,'Model Inputs & Assumptions'!$A$40:$A$42,0)) -> 241679.35 | K1004: =H1004*INDEX('Model Inputs & Assumptions'!$G$40:$G$42,MATCH('Model Inputs & Assumptions'!$L$30,'Model Inputs & Assumptions'!$A$40:$A$42,0))*INDEX('Model Inputs & Assumptions'!$H$40:$H$42,MATCH('Model Inputs & Assumptions'!$L$30,'Model Inputs & Assumptions'!$A$40:$A$42,0)) -> 5329.0296 | L1004: =IFERROR(K1004/I1004,0) -> 0.77232313 | M1004: =IFERROR(I1004/H1004,0) -> 205.56163 | N1004: ='Model Inputs & Assumptions'!$L$30 -> PRD-USIQ | P1004: 0.548211 | Q1004: -1.532207 | R1004: -1.059756 | S1004: -0.670284
A1005: 2 | B1005: ='Model Inputs & Assumptions'!$B$30 -> extraETF — Newsletter Takeover | C1005: =ROUND(MAX(0,'Model Inputs & Assumptions'!$S$30*EXP('Model Inputs & Assumptions'!$T$30*P1005-'Model Inputs & Assumptions'!$T$30^2/2)),0) -> 82383 | D1005: =MIN(1,'Model Inputs & Assumptions'!$U$30*EXP('Model Inputs & Assumptions'!$V$30*Q1005-'Model Inputs & Assumptions'!$V$30^2/2)) -> 0 | E1005: =ROUND(C1005*D1005,0) -> 0 | F1005: =MIN(1,'Model Inputs & Assumptions'!$W$30*EXP('Model Inputs & Assumptions'!$X$30*R1005-'Model Inputs & Assumptions'!$X$30^2/2)) -> 0.0086612668 | G1005: =ROUND(C1005*F1005,0) -> 714 | H1005: =MAX(0,(C1005*'Model Inputs & Assumptions'!$N$30+E1005*'Model Inputs & Assumptions'!$O$30+G1005*'Model Inputs & Assumptions'!$P$30)*EXP('Model Inputs & Assumptions'!$Q$30*S1005-'Model Inputs & Assumptions'!$Q$30^2/2)) -> 52.248279 | I1005: =IF('Model Inputs & Assumptions'!$H$30="Fixed",'Model Inputs & Assumptions'!$I$30*'Model Inputs & Assumptions'!$K$30,IF('Model Inputs & Assumptions'!$H$30="CPM",'Model Inputs & Assumptions'!$I$30*'Model Inputs & Assumptions'!$K$30*C1005/1000,IF('Model Inputs & Assumptions'!$H$30="CPC",'Model Inputs & Assumptions'!$I$30*'Model Inputs & Assumptions'!$K$30*G1005,0))) -> 6900 | J1005: =H1005*INDEX('Model Inputs & Assumptions'!$D$40:$D$42,MATCH('Model Inputs & Assumptions'!$L$30,'Model Inputs & Assumptions'!$A$40:$A$42,0))*INDEX('Model Inputs & Assumptions'!$H$40:$H$42,MATCH('Model Inputs & Assumptions'!$L$30,'Model Inputs & Assumptions'!$A$40:$A$42,0)) -> 376187.61 | K1005: =H1005*INDEX('Model Inputs & Assumptions'!$G$40:$G$42,MATCH('Model Inputs & Assumptions'!$L$30,'Model Inputs & Assumptions'!$A$40:$A$42,0))*INDEX('Model Inputs & Assumptions'!$H$40:$H$42,MATCH('Model Inputs & Assumptions'!$L$30,'Model Inputs & Assumptions'!$A$40:$A$42,0)) -> 8294.9368 | L1005: =IFERROR(K1005/I1005,0) -> 1.2021648 | M1005: =IFERROR(I1005/H1005,0) -> 132.06177 | N1005: ='Model Inputs & Assumptions'!$L$30 -> PRD-USIQ | P1005: -0.48964 | Q1005: 0.030758 | R1005: 0.604463 | S1005: 0.598968
A1006: 3 | B1006: ='Model Inputs & Assumptions'!$B$30 -> extraETF — Newsletter Takeover | C1006: =ROUND(MAX(0,'Model Inputs & Assumptions'!$S$30*EXP('Model Inputs & Assumptions'!$T$30*P1006-'Model Inputs & Assumptions'!$T$30^2/2)),0) -> 90630 | D1006: =MIN(1,'Model Inputs & Assumptions'!$U$30*EXP('Model Inputs & Assumptions'!$V$30*Q1006-'Model Inputs & Assumptions'!$V$30^2/2)) -> 0 | E1006: =ROUND(C1006*D1006,0) -> 0 | F1006: =MIN(1,'Model Inputs & Assumptions'!$W$30*EXP('Model Inputs & Assumptions'!$X$30*R1006-'Model Inputs & Assumptions'!$X$30^2/2)) -> 0.008499616 | G1006: =ROUND(C1006*F1006,0) -> 770 | H1006: =MAX(0,(C1006*'Model Inputs & Assumptions'!$N$30+E1006*'Model Inputs & Assumptions'!$O$30+G1006*'Model Inputs & Assumptions'!$P$30)*EXP('Model Inputs & Assumptions'!$Q$30*S1006-'Model Inputs & Assumptions'!$Q$30^2/2)) -> 80.891136 | I1006: =IF('Model Inputs & Assumptions'!$H$30="Fixed",'Model Inputs & Assumptions'!$I$30*'Model Inputs & Assumptions'!$K$30,IF('Model Inputs & Assumptions'!$H$30="CPM",'Model Inputs & Assumptions'!$I$30*'Model Inputs & Assumptions'!$K$30*C1006/1000,IF('Model Inputs & Assumptions'!$H$30="CPC",'Model Inputs & Assumptions'!$I$30*'Model Inputs & Assumptions'!$K$30*G1006,0))) -> 6900 | J1006: =H1006*INDEX('Model Inputs & Assumptions'!$D$40:$D$42,MATCH('Model Inputs & Assumptions'!$L$30,'Model Inputs & Assumptions'!$A$40:$A$42,0))*INDEX('Model Inputs & Assumptions'!$H$40:$H$42,MATCH('Model Inputs & Assumptions'!$L$30,'Model Inputs & Assumptions'!$A$40:$A$42,0)) -> 582416.18 | K1006: =H1006*INDEX('Model Inputs & Assumptions'!$G$40:$G$42,MATCH('Model Inputs & Assumptions'!$L$30,'Model Inputs & Assumptions'!$A$40:$A$42,0))*INDEX('Model Inputs & Assumptions'!$H$40:$H$42,MATCH('Model Inputs & Assumptions'!$L$30,'Model Inputs & Assumptions'!$A$40:$A$42,0)) -> 12842.277 | L1006: =IFERROR(K1006/I1006,0) -> 1.8611995 | M1006: =IFERROR(I1006/H1006,0) -> 85.299828 | N1006: ='Model Inputs & Assumptions'!$L$30 -> PRD-USIQ | P1006: 0.305428 | Q1006: -0.710077 | R1006: 0.478863 | S1006: 2.045327
A1007: 4 | B1007: ='Model Inputs & Assumptions'!$B$30 -> extraETF — Newsletter Takeover | C1007: =ROUND(MAX(0,'Model Inputs & Assumptions'!$S$30*EXP('Model Inputs & Assumptions'!$T$30*P1007-'Model Inputs & Assumptions'!$T$30^2/2)),0) -> 102483 | D1007: =MIN(1,'Model Inputs & Assumptions'!$U$30*EXP('Model Inputs & Assumptions'!$V$30*Q1007-'Model Inputs & Assumptions'!$V$30^2/2)) -> 0 | E1007: =ROUND(C1007*D1007,0) -> 0 | F1007: =MIN(1,'Model Inputs & Assumptions'!$W$30*EXP('Model Inputs & Assumptions'!$X$30*R1007-'Model Inputs & Assumptions'!$X$30^2/2)) -> 0.0066114953 | G1007: =ROUND(C1007*F1007,0) -> 678 | H1007: =MAX(0,(C1007*'Model Inputs & Assumptions'!$N$30+E1007*'Model Inputs & Assumptions'!$O$30+G1007*'Model Inputs & Assumptions'!$P$30)*EXP('Model Inputs & Assumptions'!$Q$30*S1007-'Model Inputs & Assumptions'!$Q$30^2/2)) -> 44.573144 | I1007: =IF('Model Inputs & Assumptions'!$H$30="Fixed",'Model Inputs & Assumptions'!$I$30*'Model Inputs & Assumptions'!$K$30,IF('Model Inputs & Assumptions'!$H$30="CPM",'Model Inputs & Assumptions'!$I$30*'Model Inputs & Assumptions'!$K$30*C1007/1000,IF('Model Inputs & Assumptions'!$H$30="CPC",'Model Inputs & Assumptions'!$I$30*'Model Inputs & Assumptions'!$K$30*G1007,0))) -> 6900 | J1007: =H1007*INDEX('Model Inputs & Assumptions'!$D$40:$D$42,MATCH('Model Inputs & Assumptions'!$L$30,'Model Inputs & Assumptions'!$A$40:$A$42,0))*INDEX('Model Inputs & Assumptions'!$H$40:$H$42,MATCH('Model Inputs & Assumptions'!$L$30,'Model Inputs & Assumptions'!$A$40:$A$42,0)) -> 320926.64 | K1007: =H1007*INDEX('Model Inputs & Assumptions'!$G$40:$G$42,MATCH('Model Inputs & Assumptions'!$L$30,'Model Inputs & Assumptions'!$A$40:$A$42,0))*INDEX('Model Inputs & Assumptions'!$H$40:$H$42,MATCH('Model Inputs & Assumptions'!$L$30,'Model Inputs & Assumptions'!$A$40:$A$42,0)) -> 7076.4324 | L1007: =IFERROR(K1007/I1007,0) -> 1.0255699 | M1007: =IFERROR(I1007/H1007,0) -> 154.80173 | N1007: ='Model Inputs & Assumptions'!$L$30 -> PRD-USIQ | P1007: 1.329637 | Q1007: -0.015844 | R1007: -1.195878 | S1007: 0.170409
A1008: 5 | B1008: ='Model Inputs & Assumptions'!$B$30 -> extraETF — Newsletter Takeover | C1008: =ROUND(MAX(0,'Model Inputs & Assumptions'!$S$30*EXP('Model Inputs & Assumptions'!$T$30*P1008-'Model Inputs & Assumptions'!$T$30^2/2)),0) -> 75591 | D1008: =MIN(1,'Model Inputs & Assumptions'!$U$30*EXP('Model Inputs & Assumptions'!$V$30*Q1008-'Model Inputs & Assumptions'!$V$30^2/2)) -> 0 | E1008: =ROUND(C1008*D1008,0) -> 0 | F1008: =MIN(1,'Model Inputs & Assumptions'!$W$30*EXP('Model Inputs & Assumptions'!$X$30*R1008-'Model Inputs & Assumptions'!$X$30^2/2)) -> 0.0082876781 | G1008: =ROUND(C1008*F1008,0) -> 626 | H1008: =MAX(0,(C1008*'Model Inputs & Assumptions'!$N$30+E1008*'Model Inputs & Assumptions'!$O$30+G1008*'Model Inputs & Assumptions'!$P$30)*EXP('Model Inputs & Assumptions'!$Q$30*S1008-'Model Inputs & Assumptions'!$Q$30^2/2)) -> 48.186293 | I1008: =IF('Model Inputs & Assumptions'!$H$30="Fixed",'Model Inputs & Assumptions'!$I$30*'Model Inputs & Assumptions'!$K$30,IF('Model Inputs & Assumptions'!$H$30="CPM",'Model Inputs & Assumptions'!$I$30*'Model Inputs & Assumptions'!$K$30*C1008/1000,IF('Model Inputs & Assumptions'!$H$30="CPC",'Model Inputs & Assumptions'!$I$30*'Model Inputs & Assumptions'!$K$30*G1008,0))) -> 6900 | J1008: =H1008*INDEX('Model Inputs & Assumptions'!$D$40:$D$42,MATCH('Model Inputs & Assumptions'!$L$30,'Model Inputs & Assumptions'!$A$40:$A$42,0))*INDEX('Model Inputs & Assumptions'!$H$40:$H$42,MATCH('Model Inputs & Assumptions'!$L$30,'Model Inputs & Assumptions'!$A$40:$A$42,0)) -> 346941.31 | K1008: =H1008*INDEX('Model Inputs & Assumptions'!$G$40:$G$42,MATCH('Model Inputs & Assumptions'!$L$30,'Model Inputs & Assumptions'!$A$40:$A$42,0))*INDEX('Model Inputs & Assumptions'!$H$40:$H$42,MATCH('Model Inputs & Assumptions'!$L$30,'Model Inputs & Assumptions'!$A$40:$A$42,0)) -> 7650.0559 | L1008: =IFERROR(K1008/I1008,0) -> 1.1087038 | M1008: =IFERROR(I1008/H1008,0) -> 143.19425 | N1008: ='Model Inputs & Assumptions'!$L$30 -> PRD-USIQ | P1008: -1.206632 | Q1008: 0.577762 | R1008: 0.310522 | S1008: 0.801369
A1009: 6 | B1009: ='Model Inputs & Assumptions'!$B$30 -> extraETF — Newsletter Takeover | C1009: =ROUND(MAX(0,'Model Inputs & Assumptions'!$S$30*EXP('Model Inputs & Assumptions'!$T$30*P1009-'Model Inputs & Assumptions'!$T$30^2/2)),0) -> 98723 | D1009: =MIN(1,'Model Inputs & Assumptions'!$U$30*EXP('Model Inputs & Assumptions'!$V$30*Q1009-'Model Inputs & Assumptions'!$V$30^2/2)) -> 0 | E1009: =ROUND(C1009*D1009,0) -> 0 | F1009: =MIN(1,'Model Inputs & Assumptions'!$W$30*EXP('Model Inputs & Assumptions'!$X$30*R1009-'Model Inputs & Assumptions'!$X$30^2/2)) -> 0.007579367 | G1009: =ROUND(C1009*F1009,0) -> 748 | H1009: =MAX(0,(C1009*'Model Inputs & Assumptions'!$N$30+E1009*'Model Inputs & Assumptions'!$O$30+G1009*'Model Inputs & Assumptions'!$P$30)*EXP('Model Inputs & Assumptions'!$Q$30*S1009-'Model Inputs & Assumptions'!$Q$30^2/2)) -> 38.641786 | I1009: =IF('Model Inputs & Assumptions'!$H$30="Fixed",'Model Inputs & Assumptions'!$I$30*'Model Inputs & Assumptions'!$K$30,IF('Model Inputs & Assumptions'!$H$30="CPM",'Model Inputs & Assumptions'!$I$30*'Model Inputs & Assumptions'!$K$30*C1009/1000,IF('Model Inputs & Assumptions'!$H$30="CPC",'Model Inputs & Assumptions'!$I$30*'Model Inputs & Assumptions'!$K$30*G1009,0))) -> 6900 | J1009: =H1009*INDEX('Model Inputs & Assumptions'!$D$40:$D$42,MATCH('Model Inputs & Assumptions'!$L$30,'Model Inputs & Assumptions'!$A$40:$A$42,0))*INDEX('Model Inputs & Assumptions'!$H$40:$H$42,MATCH('Model Inputs & Assumptions'!$L$30,'Model Inputs & Assumptions'!$A$40:$A$42,0)) -> 278220.86 | K1009: =H1009*INDEX('Model Inputs & Assumptions'!$G$40:$G$42,MATCH('Model Inputs & Assumptions'!$L$30,'Model Inputs & Assumptions'!$A$40:$A$42,0))*INDEX('Model Inputs & Assumptions'!$H$40:$H$42,MATCH('Model Inputs & Assumptions'!$L$30,'Model Inputs & Assumptions'!$A$40:$A$42,0)) -> 6134.7699 | L1009: =IFERROR(K1009/I1009,0) -> 0.88909708 | M1009: =IFERROR(I1009/H1009,0) -> 178.56318 | N1009: ='Model Inputs & Assumptions'!$L$30 -> PRD-USIQ | P1009: 1.018212 | Q1009: -1.965822 | R1009: -0.285079 | S1009: -0.793803
A1010: 7 | B1010: ='Model Inputs & Assumptions'!$B$30 -> extraETF — Newsletter Takeover | C1010: =ROUND(MAX(0,'Model Inputs & Assumptions'!$S$30*EXP('Model Inputs & Assumptions'!$T$30*P1010-'Model Inputs & Assumptions'!$T$30^2/2)),0) -> 82371 | D1010: =MIN(1,'Model Inputs & Assumptions'!$U$30*EXP('Model Inputs & Assumptions'!$V$30*Q1010-'Model Inputs & Assumptions'!$V$30^2/2)) -> 0 | E1010: =ROUND(C1010*D1010,0) -> 0 | F1010: =MIN(1,'Model Inputs & Assumptions'!$W$30*EXP('Model Inputs & Assumptions'!$X$30*R1010-'Model Inputs & Assumptions'!$X$30^2/2)) -> 0.0088753759 | G1010: =ROUND(C1010*F1010,0) -> 731 | H1010: =MAX(0,(C1010*'Model Inputs & Assumptions'!$N$30+E1010*'Model Inputs & Assumptions'!$O$30+G1010*'Model Inputs & Assumptions'!$P$30)*EXP('Model Inputs & Assumptions'!$Q$30*S1010-'Model Inputs & Assumptions'!$Q$30^2/2)) -> 53.747677 | I1010: =IF('Model Inputs & Assumptions'!$H$30="Fixed",'Model Inputs & Assumptions'!$I$30*'Model Inputs & Assumptions'!$K$30,IF('Model Inputs & Assumptions'!$H$30="CPM",'Model Inputs & Assumptions'!$I$30*'Model Inputs & Assumptions'!$K$30*C1010/1000,IF('Model Inputs & Assumptions'!$H$30="CPC",'Model Inputs & Assumptions'!$I$30*'Model Inputs & Assumptions'!$K$30*G1010,0))) -> 6900 | J1010: =H1010*INDEX('Model Inputs & Assumptions'!$D$40:$D$42,MATCH('Model Inputs & Assumptions'!$L$30,'Model Inputs & Assumptions'!$A$40:$A$42,0))*INDEX('Model Inputs & Assumptions'!$H$40:$H$42,MATCH('Model Inputs & Assumptions'!$L$30,'Model Inputs & Assumptions'!$A$40:$A$42,0)) -> 386983.28 | K1010: =H1010*INDEX('Model Inputs & Assumptions'!$G$40:$G$42,MATCH('Model Inputs & Assumptions'!$L$30,'Model Inputs & Assumptions'!$A$40:$A$42,0))*INDEX('Model Inputs & Assumptions'!$H$40:$H$42,MATCH('Model Inputs & Assumptions'!$L$30,'Model Inputs & Assumptions'!$A$40:$A$42,0)) -> 8532.9812 | L1010: =IFERROR(K1010/I1010,0) -> 1.2366639 | M1010: =IFERROR(I1010/H1010,0) -> 128.37764 | N1010: ='Model Inputs & Assumptions'!$L$30 -> PRD-USIQ | P1010: -0.490858 | Q1010: 1.09729 | R1010: 0.767261 | S1010: 0.61802
A1011: 8 | B1011: ='Model Inputs & Assumptions'!$B$30 -> extraETF — Newsletter Takeover | C1011: =ROUND(MAX(0,'Model Inputs & Assumptions'!$S$30*EXP('Model Inputs & Assumptions'!$T$30*P1011-'Model Inputs & Assumptions'!$T$30^2/2)),0) -> 69454 | D1011: =MIN(1,'Model Inputs & Assumptions'!$U$30*EXP('Model Inputs & Assumptions'!$V$30*Q1011-'Model Inputs & Assumptions'!$V$30^2/2)) -> 0 | E1011: =ROUND(C1011*D1011,0) -> 0 | F1011: =MIN(1,'Model Inputs & Assumptions'!$W$30*EXP('Model Inputs & Assumptions'!$X$30*R1011-'Model Inputs & Assumptions'!$X$30^2/2)) -> 0.0084052599 | G1011: =ROUND(C1011*F1011,0) -> 584 | H1011: =MAX(0,(C1011*'Model Inputs & Assumptions'!$N$30+E1011*'Model Inputs & Assumptions'!$O$30+G1011*'Model Inputs & Assumptions'!$P$30)*EXP('Model Inputs & Assumptions'!$Q$30*S1011-'Model Inputs & Assumptions'!$Q$30^2/2)) -> 36.406451 | I1011: =IF('Model Inputs & Assumptions'!$H$30="Fixed",'Model Inputs & Assumptions'!$I$30*'Model Inputs & Assumptions'!$K$30,IF('Model Inputs & Assumptions'!$H$30="CPM",'Model Inputs & Assumptions'!$I$30*'Model Inputs & Assumptions'!$K$30*C1011/1000,IF('Model Inputs & Assumptions'!$H$30="CPC",'Model Inputs & Assumptions'!$I$30*'Model Inputs & Assumptions'!$K$30*G1011,0))) -> 6900 | J1011: =H1011*INDEX('Model Inputs & Assumptions'!$D$40:$D$42,MATCH('Model Inputs & Assumptions'!$L$30,'Model Inputs & Assumptions'!$A$40:$A$42,0))*INDEX('Model Inputs & Assumptions'!$H$40:$H$42,MATCH('Model Inputs & Assumptions'!$L$30,'Model Inputs & Assumptions'!$A$40:$A$42,0)) -> 262126.44 | K1011: =H1011*INDEX('Model Inputs & Assumptions'!$G$40:$G$42,MATCH('Model Inputs & Assumptions'!$L$30,'Model Inputs & Assumptions'!$A$40:$A$42,0))*INDEX('Model Inputs & Assumptions'!$H$40:$H$42,MATCH('Model Inputs & Assumptions'!$L$30,'Model Inputs & Assumptions'!$A$40:$A$42,0)) -> 5779.8881 | L1011: =IFERROR(K1011/I1011,0) -> 0.83766494 | M1011: =IFERROR(I1011/H1011,0) -> 189.52685 | N1011: ='Model Inputs & Assumptions'!$L$30 -> PRD-USIQ | P1011: -1.912236 | Q1011: -1.125576 | R1011: 0.404441 | S1011: -0.042148
A1012: 9 | B1012: ='Model Inputs & Assumptions'!$B$30 -> extraETF — Newsletter Takeover | C1012: =ROUND(MAX(0,'Model Inputs & Assumptions'!$S$30*EXP('Model Inputs & Assumptions'!$T$30*P1012-'Model Inputs & Assumptions'!$T$30^2/2)),0) -> 100280 | D1012: =MIN(1,'Model Inputs & Assumptions'!$U$30*EXP('Model Inputs & Assumptions'!$V$30*Q1012-'Model Inputs & Assumptions'!$V$30^2/2)) -> 0 | E1012: =ROUND(C1012*D1012,0) -> 0 | F1012: =MIN(1,'Model Inputs & Assumptions'!$W$30*EXP('Model Inputs & Assumptions'!$X$30*R1012-'Model Inputs & Assumptions'!$X$30^2/2)) -> 0.0089458863 | G1012: =ROUND(C1012*F1012,0) -> 897 | H1012: =MAX(0,(C1012*'Model Inputs & Assumptions'!$N$30+E1012*'Model Inputs & Assumptions'!$O$30+G1012*'Model Inputs & Assumptions'!$P$30)*EXP('Model Inputs & Assumptions'!$Q$30*S1012-'Model Inputs & Assumptions'!$Q$30^2/2)) -> 73.784955 | I1012: =IF('Model Inputs & Assumptions'!$H$30="Fixed",'Model Inputs & Assumptions'!$I$30*'Model Inputs & Assumptions'!$K$30,IF('Model Inputs & Assumptions'!$H$30="CPM",'Model Inputs & Assumptions'!$I$30*'Model Inputs & Assumptions'!$K$30*C1012/1000,IF('Model Inputs & Assumptions'!$H$30="CPC",'Model Inputs & Assumptions'!$I$30*'Model Inputs & Assumptions'!$K$30*G1012,0))) -> 6900 | J1012: =H1012*INDEX('Model Inputs & Assumptions'!$D$40:$D$42,MATCH('Model Inputs & Assumptions'!$L$30,'Model Inputs & Assumptions'!$A$40:$A$42,0))*INDEX('Model Inputs & Assumptions'!$H$40:$H$42,MATCH('Model Inputs & Assumptions'!$L$30,'Model Inputs & Assumptions'!$A$40:$A$42,0)) -> 531251.68 | K1012: =H1012*INDEX('Model Inputs & Assumptions'!$G$40:$G$42,MATCH('Model Inputs & Assumptions'!$L$30,'Model Inputs & Assumptions'!$A$40:$A$42,0))*INDEX('Model Inputs & Assumptions'!$H$40:$H$42,MATCH('Model Inputs & Assumptions'!$L$30,'Model Inputs & Assumptions'!$A$40:$A$42,0)) -> 11714.1 | L1012: =IFERROR(K1012/I1012,0) -> 1.6976956 | M1012: =IFERROR(I1012/H1012,0) -> 93.514999 | N1012: ='Model Inputs & Assumptions'!$L$30 -> PRD-USIQ | P1012: 1.148571 | Q1012: -1.760304 | R1012: 0.820015 | S1012: 1.066868
A1013: 10 | B1013: ='Model Inputs & Assumptions'!$B$30 -> extraETF — Newsletter Takeover | C1013: =ROUND(MAX(0,'Model Inputs & Assumptions'!$S$30*EXP('Model Inputs & Assumptions'!$T$30*P1013-'Model Inputs & Assumptions'!$T$30^2/2)),0) -> 98098 | D1013: =MIN(1,'Model Inputs & Assumptions'!$U$30*EXP('Model Inputs & Assumptions'!$V$30*Q1013-'Model Inputs & Assumptions'!$V$30^2/2)) -> 0 | E1013: =ROUND(C1013*D1013,0) -> 0 | F1013: =MIN(1,'Model Inputs & Assumptions'!$W$30*EXP('Model Inputs & Assumptions'!$X$30*R1013-'Model Inputs & Assumptions'!$X$30^2/2)) -> 0.0081266647 | G1013: =ROUND(C1013*F1013,0) -> 797 | H1013: =MAX(0,(C1013*'Model Inputs & Assumptions'!$N$30+E1013*'Model Inputs & Assumptions'!$O$30+G1013*'Model Inputs & Assumptions'!$P$30)*EXP('Model Inputs & Assumptions'!$Q$30*S1013-'Model Inputs & Assumptions'!$Q$30^2/2)) -> 61.151104 | I1013: =IF('Model Inputs & Assumptions'!$H$30="Fixed",'Model Inputs & Assumptions'!$I$30*'Model Inputs & Assumptions'!$K$30,IF('Model Inputs & Assumptions'!$H$30="CPM",'Model Inputs & Assumptions'!$I$30*'Model Inputs & Assumptions'!$K$30*C1013/1000,IF('Model Inputs & Assumptions'!$H$30="CPC",'Model Inputs & Assumptions'!$I$30*'Model Inputs & Assumptions'!$K$30*G1013,0))) -> 6900 | J1013: =H1013*INDEX('Model Inputs & Assumptions'!$D$40:$D$42,MATCH('Model Inputs & Assumptions'!$L$30,'Model Inputs & Assumptions'!$A$40:$A$42,0))*INDEX('Model Inputs & Assumptions'!$H$40:$H$42,MATCH('Model Inputs & Assumptions'!$L$30,'Model Inputs & Assumptions'!$A$40:$A$42,0)) -> 440287.95 | K1013: =H1013*INDEX('Model Inputs & Assumptions'!$G$40:$G$42,MATCH('Model Inputs & Assumptions'!$L$30,'Model Inputs & Assumptions'!$A$40:$A$42,0))*INDEX('Model Inputs & Assumptions'!$H$40:$H$42,MATCH('Model Inputs & Assumptions'!$L$30,'Model Inputs & Assumptions'!$A$40:$A$42,0)) -> 9708.3493 | L1013: =IFERROR(K1013/I1013,0) -> 1.4070071 | M1013: =IFERROR(I1013/H1013,0) -> 112.83525 | N1013: ='Model Inputs & Assumptions'!$L$30 -> PRD-USIQ | P1013: 0.965234 | Q1013: -0.478656 | R1013: 0.179727 | S1013: 0.788445
A1014: 11 | B1014: ='Model Inputs & Assumptions'!$B$30 -> extraETF — Newsletter Takeover | C1014: =ROUND(MAX(0,'Model Inputs & Assumptions'!$S$30*EXP('Model Inputs & Assumptions'!$T$30*P1014-'Model Inputs & Assumptions'!$T$30^2/2)),0) -> 88344 | D1014: =MIN(1,'Model Inputs & Assumptions'!$U$30*EXP('Model Inputs & Assumptions'!$V$30*Q1014-'Model Inputs & Assumptions'!$V$30^2/2)) -> 0 | E1014: =ROUND(C1014*D1014,0) -> 0 | F1014: =MIN(1,'Model Inputs & Assumptions'!$W$30*EXP('Model Inputs & Assumptions'!$X$30*R1014-'Model Inputs & Assumptions'!$X$30^2/2)) -> 0.0079705547 | G1014: =ROUND(C1014*F1014,0) -> 704 | H1014: =MAX(0,(C1014*'Model Inputs & Assumptions'!$N$30+E1014*'Model Inputs & Assumptions'!$O$30+G1014*'Model Inputs & Assumptions'!$P$30)*EXP('Model Inputs & Assumptions'!$Q$30*S1014-'Model Inputs & Assumptions'!$Q$30^2/2)) -> 83.371068 | I1014: =IF('Model Inputs & Assumptions'!$H$30="Fixed",'Model Inputs & Assumptions'!$I$30*'Model Inputs & Assumptions'!$K$30,IF('Model Inputs & Assumptions'!$H$30="CPM",'Model Inputs & Assumptions'!$I$30*'Model Inputs & Assumptions'!$K$30*C1014/1000,IF('Model Inputs & Assumptions'!$H$30="CPC",'Model Inputs & Assumptions'!$I$30*'Model Inputs & Assumptions'!$K$30*G1014,0))) -> 6900 | J1014: =H1014*INDEX('Model Inputs & Assumptions'!$D$40:$D$42,MATCH('Model Inputs & Assumptions'!$L$30,'Model Inputs & Assumptions'!$A$40:$A$42,0))*INDEX('Model Inputs & Assumptions'!$H$40:$H$42,MATCH('Model Inputs & Assumptions'!$L$30,'Model Inputs & Assumptions'!$A$40:$A$42,0)) -> 600271.69 | K1014: =H1014*INDEX('Model Inputs & Assumptions'!$G$40:$G$42,MATCH('Model Inputs & Assumptions'!$L$30,'Model Inputs & Assumptions'!$A$40:$A$42,0))*INDEX('Model Inputs & Assumptions'!$H$40:$H$42,MATCH('Model Inputs & Assumptions'!$L$30,'Model Inputs & Assumptions'!$A$40:$A$42,0)) -> 13235.991 | L1014: =IFERROR(K1014/I1014,0) -> 1.9182595 | M1014: =IFERROR(I1014/H1014,0) -> 82.762523 | N1014: ='Model Inputs & Assumptions'!$L$30 -> PRD-USIQ | P1014: 0.092517 | Q1014: 1.77688 | R1014: 0.050417 | S1014: 2.524564
A1015: 12 | B1015: ='Model Inputs & Assumptions'!$B$30 -> extraETF — Newsletter Takeover | C1015: =ROUND(MAX(0,'Model Inputs & Assumptions'!$S$30*EXP('Model Inputs & Assumptions'!$T$30*P1015-'Model Inputs & Assumptions'!$T$30^2/2)),0) -> 86317 | D1015: =MIN(1,'Model Inputs & Assumptions'!$U$30*EXP('Model Inputs & Assumptions'!$V$30*Q1015-'Model Inputs & Assumptions'!$V$30^2/2)) -> 0 | E1015: =ROUND(C1015*D1015,0) -> 0 | F1015: =MIN(1,'Model Inputs & Assumptions'!$W$30*EXP('Model Inputs & Assumptions'!$X$30*R1015-'Model Inputs & Assumptions'!$X$30^2/2)) -> 0.0076700079 | G1015: =ROUND(C1015*F1015,0) -> 662 | H1015: =MAX(0,(C1015*'Model Inputs & Assumptions'!$N$30+E1015*'Model Inputs & Assumptions'!$O$30+G1015*'Model Inputs & Assumptions'!$P$30)*EXP('Model Inputs & Assumptions'!$Q$30*S1015-'Model Inputs & Assumptions'!$Q$30^2/2)) -> 54.5843 | I1015: =IF('Model Inputs & Assumptions'!$H$30="Fixed",'Model Inputs & Assumptions'!$I$30*'Model Inputs & Assumptions'!$K$30,IF('Model Inputs & Assumptions'!$H$30="CPM",'Model Inputs & Assumptions'!$I$30*'Model Inputs & Assumptions'!$K$30*C1015/1000,IF('Model Inputs & Assumptions'!$H$30="CPC",'Model Inputs & Assumptions'!$I$30*'Model Inputs & Assumptions'!$K$30*G1015,0))) -> 6900 | J1015: =H1015*INDEX('Model Inputs & Assumptions'!$D$40:$D$42,MATCH('Model Inputs & Assumptions'!$L$30,'Model Inputs & Assumptions'!$A$40:$A$42,0))*INDEX('Model Inputs & Assumptions'!$H$40:$H$42,MATCH('Model Inputs & Assumptions'!$L$30,'Model Inputs & Assumptions'!$A$40:$A$42,0)) -> 393006.96 | K1015: =H1015*INDEX('Model Inputs & Assumptions'!$G$40:$G$42,MATCH('Model Inputs & Assumptions'!$L$30,'Model Inputs & Assumptions'!$A$40:$A$42,0))*INDEX('Model Inputs & Assumptions'!$H$40:$H$42,MATCH('Model Inputs & Assumptions'!$L$30,'Model Inputs & Assumptions'!$A$40:$A$42,0)) -> 8665.8035 | L1015: =IFERROR(K1015/I1015,0) -> 1.2559135 | M1015: =IFERROR(I1015/H1015,0) -> 126.40997 | N1015: ='Model Inputs & Assumptions'!$L$30 -> PRD-USIQ | P1015: -0.10088 | Q1015: -0.372952 | R1015: -0.205826 | S1015: 1.076395
... A1503: 500 | B1503: ='Model Inputs & Assumptions'!$B$30 -> extraETF — Newsletter Takeover | C1503: =ROUND(MAX(0,'Model Inputs & Assumptions'!$S$30*EXP('Model Inputs & Assumptions'!$T$30*P1503-'Model Inputs & Assumptions'!$T$30^2/2)),0) -> 74178 | D1503: =MIN(1,'Model Inputs & Assumptions'!$U$30*EXP('Model Inputs & Assumptions'!$V$30*Q1503-'Model Inputs & Assumptions'!$V$30^2/2)) -> 0 | E1503: =ROUND(C1503*D1503,0) -> 0 | F1503: =MIN(1,'Model Inputs & Assumptions'!$W$30*EXP('Model Inputs & Assumptions'!$X$30*R1503-'Model Inputs & Assumptions'!$X$30^2/2)) -> 0.007137266 | G1503: =ROUND(C1503*F1503,0) -> 529 | H1503: =MAX(0,(C1503*'Model Inputs & Assumptions'!$N$30+E1503*'Model Inputs & Assumptions'!$O$30+G1503*'Model Inputs & Assumptions'!$P$30)*EXP('Model Inputs & Assumptions'!$Q$30*S1503-'Model Inputs & Assumptions'!$Q$30^2/2)) -> 45.344955 | I1503: =IF('Model Inputs & Assumptions'!$H$30="Fixed",'Model Inputs & Assumptions'!$I$30*'Model Inputs & Assumptions'!$K$30,IF('Model Inputs & Assumptions'!$H$30="CPM",'Model Inputs & Assumptions'!$I$30*'Model Inputs & Assumptions'!$K$30*C1503/1000,IF('Model Inputs & Assumptions'!$H$30="CPC",'Model Inputs & Assumptions'!$I$30*'Model Inputs & Assumptions'!$K$30*G1503,0))) -> 6900 | J1503: =H1503*INDEX('Model Inputs & Assumptions'!$D$40:$D$42,MATCH('Model Inputs & Assumptions'!$L$30,'Model Inputs & Assumptions'!$A$40:$A$42,0))*INDEX('Model Inputs & Assumptions'!$H$40:$H$42,MATCH('Model Inputs & Assumptions'!$L$30,'Model Inputs & Assumptions'!$A$40:$A$42,0)) -> 326483.68 | K1503: =H1503*INDEX('Model Inputs & Assumptions'!$G$40:$G$42,MATCH('Model Inputs & Assumptions'!$L$30,'Model Inputs & Assumptions'!$A$40:$A$42,0))*INDEX('Model Inputs & Assumptions'!$H$40:$H$42,MATCH('Model Inputs & Assumptions'!$L$30,'Model Inputs & Assumptions'!$A$40:$A$42,0)) -> 7198.965 | L1503: =IFERROR(K1503/I1503,0) -> 1.0433283 | M1503: =IFERROR(I1503/H1503,0) -> 152.16687 | N1503: ='Model Inputs & Assumptions'!$L$30 -> PRD-USIQ | P1503: -1.36395 | Q1503: 0.867331 | R1503: -0.685745 | S1503: 1.231714
A1504: 1 | B1504: ='Model Inputs & Assumptions'!$B$31 -> YouTube — Finfluencer Pre-roll | C1504: =ROUND(MAX(0,'Model Inputs & Assumptions'!$S$31*EXP('Model Inputs & Assumptions'!$T$31*P1504-'Model Inputs & Assumptions'!$T$31^2/2)),0) -> 513421 | D1504: =MIN(1,'Model Inputs & Assumptions'!$U$31*EXP('Model Inputs & Assumptions'!$V$31*Q1504-'Model Inputs & Assumptions'!$V$31^2/2)) -> 0.74190375 | E1504: =ROUND(C1504*D1504,0) -> 380909 | F1504: =MIN(1,'Model Inputs & Assumptions'!$W$31*EXP('Model Inputs & Assumptions'!$X$31*R1504-'Model Inputs & Assumptions'!$X$31^2/2)) -> 0.0052560031 | G1504: =ROUND(C1504*F1504,0) -> 2699 | H1504: =MAX(0,(C1504*'Model Inputs & Assumptions'!$N$31+E1504*'Model Inputs & Assumptions'!$O$31+G1504*'Model Inputs & Assumptions'!$P$31)*EXP('Model Inputs & Assumptions'!$Q$31*S1504-'Model Inputs & Assumptions'!$Q$31^2/2)) -> 57.530478 | I1504: =IF('Model Inputs & Assumptions'!$H$31="Fixed",'Model Inputs & Assumptions'!$I$31*'Model Inputs & Assumptions'!$K$31,IF('Model Inputs & Assumptions'!$H$31="CPM",'Model Inputs & Assumptions'!$I$31*'Model Inputs & Assumptions'!$K$31*C1504/1000,IF('Model Inputs & Assumptions'!$H$31="CPC",'Model Inputs & Assumptions'!$I$31*'Model Inputs & Assumptions'!$K$31*G1504,0))) -> 5825.2747 | J1504: =H1504*INDEX('Model Inputs & Assumptions'!$D$40:$D$42,MATCH('Model Inputs & Assumptions'!$L$31,'Model Inputs & Assumptions'!$A$40:$A$42,0))*INDEX('Model Inputs & Assumptions'!$H$40:$H$42,MATCH('Model Inputs & Assumptions'!$L$31,'Model Inputs & Assumptions'!$A$40:$A$42,0)) -> 414219.44 | K1504: =H1504*INDEX('Model Inputs & Assumptions'!$G$40:$G$42,MATCH('Model Inputs & Assumptions'!$L$31,'Model Inputs & Assumptions'!$A$40:$A$42,0))*INDEX('Model Inputs & Assumptions'!$H$40:$H$42,MATCH('Model Inputs & Assumptions'!$L$31,'Model Inputs & Assumptions'!$A$40:$A$42,0)) -> 9133.5387 | L1504: =IFERROR(K1504/I1504,0) -> 1.5679155 | M1504: =IFERROR(I1504/H1504,0) -> 101.25545 | N1504: ='Model Inputs & Assumptions'!$L$31 -> PRD-USIQ | P1504: 0.38039 | Q1504: 1.706407 | R1504: 0.328054 | S1504: -0.424341
A1505: 2 | B1505: ='Model Inputs & Assumptions'!$B$31 -> YouTube — Finfluencer Pre-roll | C1505: =ROUND(MAX(0,'Model Inputs & Assumptions'!$S$31*EXP('Model Inputs & Assumptions'!$T$31*P1505-'Model Inputs & Assumptions'!$T$31^2/2)),0) -> 567070 | D1505: =MIN(1,'Model Inputs & Assumptions'!$U$31*EXP('Model Inputs & Assumptions'!$V$31*Q1505-'Model Inputs & Assumptions'!$V$31^2/2)) -> 0.59207707 | E1505: =ROUND(C1505*D1505,0) -> 335749 | F1505: =MIN(1,'Model Inputs & Assumptions'!$W$31*EXP('Model Inputs & Assumptions'!$X$31*R1505-'Model Inputs & Assumptions'!$X$31^2/2)) -> 0.0061401334 | G1505: =ROUND(C1505*F1505,0) -> 3482 | H1505: =MAX(0,(C1505*'Model Inputs & Assumptions'!$N$31+E1505*'Model Inputs & Assumptions'!$O$31+G1505*'Model Inputs & Assumptions'!$P$31)*EXP('Model Inputs & Assumptions'!$Q$31*S1505-'Model Inputs & Assumptions'!$Q$31^2/2)) -> 46.770267 | I1505: =IF('Model Inputs & Assumptions'!$H$31="Fixed",'Model Inputs & Assumptions'!$I$31*'Model Inputs & Assumptions'!$K$31,IF('Model Inputs & Assumptions'!$H$31="CPM",'Model Inputs & Assumptions'!$I$31*'Model Inputs & Assumptions'!$K$31*C1505/1000,IF('Model Inputs & Assumptions'!$H$31="CPC",'Model Inputs & Assumptions'!$I$31*'Model Inputs & Assumptions'!$K$31*G1505,0))) -> 6433.9762 | J1505: =H1505*INDEX('Model Inputs & Assumptions'!$D$40:$D$42,MATCH('Model Inputs & Assumptions'!$L$31,'Model Inputs & Assumptions'!$A$40:$A$42,0))*INDEX('Model Inputs & Assumptions'!$H$40:$H$42,MATCH('Model Inputs & Assumptions'!$L$31,'Model Inputs & Assumptions'!$A$40:$A$42,0)) -> 336745.92 | K1505: =H1505*INDEX('Model Inputs & Assumptions'!$G$40:$G$42,MATCH('Model Inputs & Assumptions'!$L$31,'Model Inputs & Assumptions'!$A$40:$A$42,0))*INDEX('Model Inputs & Assumptions'!$H$40:$H$42,MATCH('Model Inputs & Assumptions'!$L$31,'Model Inputs & Assumptions'!$A$40:$A$42,0)) -> 7425.2476 | L1505: =IFERROR(K1505/I1505,0) -> 1.1540682 | M1505: =IFERROR(I1505/H1505,0) -> 137.56552 | N1505: ='Model Inputs & Assumptions'!$L$31 -> PRD-USIQ | P1505: 0.735344 | Q1505: 0.095102 | R1505: 0.975869 | S1505: -1.325965
A1506: 3 | B1506: ='Model Inputs & Assumptions'!$B$31 -> YouTube — Finfluencer Pre-roll | C1506: =ROUND(MAX(0,'Model Inputs & Assumptions'!$S$31*EXP('Model Inputs & Assumptions'!$T$31*P1506-'Model Inputs & Assumptions'!$T$31^2/2)),0) -> 660133 | D1506: =MIN(1,'Model Inputs & Assumptions'!$U$31*EXP('Model Inputs & Assumptions'!$V$31*Q1506-'Model Inputs & Assumptions'!$V$31^2/2)) -> 0.72900633 | E1506: =ROUND(C1506*D1506,0) -> 481241 | F1506: =MIN(1,'Model Inputs & Assumptions'!$W$31*EXP('Model Inputs & Assumptions'!$X$31*R1506-'Model Inputs & Assumptions'!$X$31^2/2)) -> 0.0039749706 | G1506: =ROUND(C1506*F1506,0) -> 2624 | H1506: =MAX(0,(C1506*'Model Inputs & Assumptions'!$N$31+E1506*'Model Inputs & Assumptions'!$O$31+G1506*'Model Inputs & Assumptions'!$P$31)*EXP('Model Inputs & Assumptions'!$Q$31*S1506-'Model Inputs & Assumptions'!$Q$31^2/2)) -> 99.526043 | I1506: =IF('Model Inputs & Assumptions'!$H$31="Fixed",'Model Inputs & Assumptions'!$I$31*'Model Inputs & Assumptions'!$K$31,IF('Model Inputs & Assumptions'!$H$31="CPM",'Model Inputs & Assumptions'!$I$31*'Model Inputs & Assumptions'!$K$31*C1506/1000,IF('Model Inputs & Assumptions'!$H$31="CPC",'Model Inputs & Assumptions'!$I$31*'Model Inputs & Assumptions'!$K$31*G1506,0))) -> 7489.869 | J1506: =H1506*INDEX('Model Inputs & Assumptions'!$D$40:$D$42,MATCH('Model Inputs & Assumptions'!$L$31,'Model Inputs & Assumptions'!$A$40:$A$42,0))*INDEX('Model Inputs & Assumptions'!$H$40:$H$42,MATCH('Model Inputs & Assumptions'!$L$31,'Model Inputs & Assumptions'!$A$40:$A$42,0)) -> 716587.51 | K1506: =H1506*INDEX('Model Inputs & Assumptions'!$G$40:$G$42,MATCH('Model Inputs & Assumptions'!$L$31,'Model Inputs & Assumptions'!$A$40:$A$42,0))*INDEX('Model Inputs & Assumptions'!$H$40:$H$42,MATCH('Model Inputs & Assumptions'!$L$31,'Model Inputs & Assumptions'!$A$40:$A$42,0)) -> 15800.755 | L1506: =IFERROR(K1506/I1506,0) -> 2.1096169 | M1506: =IFERROR(I1506/H1506,0) -> 75.255369 | N1506: ='Model Inputs & Assumptions'!$L$31 -> PRD-USIQ | P1506: 1.278053 | Q1506: 1.581142 | R1506: -0.835919 | S1506: 0.876475
A1507: 4 | B1507: ='Model Inputs & Assumptions'!$B$31 -> YouTube — Finfluencer Pre-roll | C1507: =ROUND(MAX(0,'Model Inputs & Assumptions'!$S$31*EXP('Model Inputs & Assumptions'!$T$31*P1507-'Model Inputs & Assumptions'!$T$31^2/2)),0) -> 722841 | D1507: =MIN(1,'Model Inputs & Assumptions'!$U$31*EXP('Model Inputs & Assumptions'!$V$31*Q1507-'Model Inputs & Assumptions'!$V$31^2/2)) -> 0.51229829 | E1507: =ROUND(C1507*D1507,0) -> 370310 | F1507: =MIN(1,'Model Inputs & Assumptions'!$W$31*EXP('Model Inputs & Assumptions'!$X$31*R1507-'Model Inputs & Assumptions'!$X$31^2/2)) -> 0.0055904404 | G1507: =ROUND(C1507*F1507,0) -> 4041 | H1507: =MAX(0,(C1507*'Model Inputs & Assumptions'!$N$31+E1507*'Model Inputs & Assumptions'!$O$31+G1507*'Model Inputs & Assumptions'!$P$31)*EXP('Model Inputs & Assumptions'!$Q$31*S1507-'Model Inputs & Assumptions'!$Q$31^2/2)) -> 67.341859 | I1507: =IF('Model Inputs & Assumptions'!$H$31="Fixed",'Model Inputs & Assumptions'!$I$31*'Model Inputs & Assumptions'!$K$31,IF('Model Inputs & Assumptions'!$H$31="CPM",'Model Inputs & Assumptions'!$I$31*'Model Inputs & Assumptions'!$K$31*C1507/1000,IF('Model Inputs & Assumptions'!$H$31="CPC",'Model Inputs & Assumptions'!$I$31*'Model Inputs & Assumptions'!$K$31*G1507,0))) -> 8201.354 | J1507: =H1507*INDEX('Model Inputs & Assumptions'!$D$40:$D$42,MATCH('Model Inputs & Assumptions'!$L$31,'Model Inputs & Assumptions'!$A$40:$A$42,0))*INDEX('Model Inputs & Assumptions'!$H$40:$H$42,MATCH('Model Inputs & Assumptions'!$L$31,'Model Inputs & Assumptions'!$A$40:$A$42,0)) -> 484861.39 | K1507: =H1507*INDEX('Model Inputs & Assumptions'!$G$40:$G$42,MATCH('Model Inputs & Assumptions'!$L$31,'Model Inputs & Assumptions'!$A$40:$A$42,0))*INDEX('Model Inputs & Assumptions'!$H$40:$H$42,MATCH('Model Inputs & Assumptions'!$L$31,'Model Inputs & Assumptions'!$A$40:$A$42,0)) -> 10691.194 | L1507: =IFERROR(K1507/I1507,0) -> 1.3035888 | M1507: =IFERROR(I1507/H1507,0) -> 121.78687 | N1507: ='Model Inputs & Assumptions'!$L$31 -> PRD-USIQ | P1507: 1.602153 | Q1507: -0.938682 | R1507: 0.585084 | S1507: -0.661253
A1508: 5 | B1508: ='Model Inputs & Assumptions'!$B$31 -> YouTube — Finfluencer Pre-roll | C1508: =ROUND(MAX(0,'Model Inputs & Assumptions'!$S$31*EXP('Model Inputs & Assumptions'!$T$31*P1508-'Model Inputs & Assumptions'!$T$31^2/2)),0) -> 502465 | D1508: =MIN(1,'Model Inputs & Assumptions'!$U$31*EXP('Model Inputs & Assumptions'!$V$31*Q1508-'Model Inputs & Assumptions'!$V$31^2/2)) -> 0.61581697 | E1508: =ROUND(C1508*D1508,0) -> 309426 | F1508: =MIN(1,'Model Inputs & Assumptions'!$W$31*EXP('Model Inputs & Assumptions'!$X$31*R1508-'Model Inputs & Assumptions'!$X$31^2/2)) -> 0.0054143008 | G1508: =ROUND(C1508*F1508,0) -> 2720 | H1508: =MAX(0,(C1508*'Model Inputs & Assumptions'!$N$31+E1508*'Model Inputs & Assumptions'!$O$31+G1508*'Model Inputs & Assumptions'!$P$31)*EXP('Model Inputs & Assumptions'!$Q$31*S1508-'Model Inputs & Assumptions'!$Q$31^2/2)) -> 51.372225 | I1508: =IF('Model Inputs & Assumptions'!$H$31="Fixed",'Model Inputs & Assumptions'!$I$31*'Model Inputs & Assumptions'!$K$31,IF('Model Inputs & Assumptions'!$H$31="CPM",'Model Inputs & Assumptions'!$I$31*'Model Inputs & Assumptions'!$K$31*C1508/1000,IF('Model Inputs & Assumptions'!$H$31="CPC",'Model Inputs & Assumptions'!$I$31*'Model Inputs & Assumptions'!$K$31*G1508,0))) -> 5700.9679 | J1508: =H1508*INDEX('Model Inputs & Assumptions'!$D$40:$D$42,MATCH('Model Inputs & Assumptions'!$L$31,'Model Inputs & Assumptions'!$A$40:$A$42,0))*INDEX('Model Inputs & Assumptions'!$H$40:$H$42,MATCH('Model Inputs & Assumptions'!$L$31,'Model Inputs & Assumptions'!$A$40:$A$42,0)) -> 369880.02 | K1508: =H1508*INDEX('Model Inputs & Assumptions'!$G$40:$G$42,MATCH('Model Inputs & Assumptions'!$L$31,'Model Inputs & Assumptions'!$A$40:$A$42,0))*INDEX('Model Inputs & Assumptions'!$H$40:$H$42,MATCH('Model Inputs & Assumptions'!$L$31,'Model Inputs & Assumptions'!$A$40:$A$42,0)) -> 8155.8544 | L1508: =IFERROR(K1508/I1508,0) -> 1.4306087 | M1508: =IFERROR(I1508/H1508,0) -> 110.97374 | N1508: ='Model Inputs & Assumptions'!$L$31 -> PRD-USIQ | P1508: 0.303357 | Q1508: 0.375909 | R1508: 0.451691 | S1508: -0.521508
A1509: 6 | B1509: ='Model Inputs & Assumptions'!$B$31 -> YouTube — Finfluencer Pre-roll | C1509: =ROUND(MAX(0,'Model Inputs & Assumptions'!$S$31*EXP('Model Inputs & Assumptions'!$T$31*P1509-'Model Inputs & Assumptions'!$T$31^2/2)),0) -> 437420 | D1509: =MIN(1,'Model Inputs & Assumptions'!$U$31*EXP('Model Inputs & Assumptions'!$V$31*Q1509-'Model Inputs & Assumptions'!$V$31^2/2)) -> 0.45790047 | E1509: =ROUND(C1509*D1509,0) -> 200295 | F1509: =MIN(1,'Model Inputs & Assumptions'!$W$31*EXP('Model Inputs & Assumptions'!$X$31*R1509-'Model Inputs & Assumptions'!$X$31^2/2)) -> 0.0043579193 | G1509: =ROUND(C1509*F1509,0) -> 1906 | H1509: =MAX(0,(C1509*'Model Inputs & Assumptions'!$N$31+E1509*'Model Inputs & Assumptions'!$O$31+G1509*'Model Inputs & Assumptions'!$P$31)*EXP('Model Inputs & Assumptions'!$Q$31*S1509-'Model Inputs & Assumptions'!$Q$31^2/2)) -> 36.25755 | I1509: =IF('Model Inputs & Assumptions'!$H$31="Fixed",'Model Inputs & Assumptions'!$I$31*'Model Inputs & Assumptions'!$K$31,IF('Model Inputs & Assumptions'!$H$31="CPM",'Model Inputs & Assumptions'!$I$31*'Model Inputs & Assumptions'!$K$31*C1509/1000,IF('Model Inputs & Assumptions'!$H$31="CPC",'Model Inputs & Assumptions'!$I$31*'Model Inputs & Assumptions'!$K$31*G1509,0))) -> 4962.9673 | J1509: =H1509*INDEX('Model Inputs & Assumptions'!$D$40:$D$42,MATCH('Model Inputs & Assumptions'!$L$31,'Model Inputs & Assumptions'!$A$40:$A$42,0))*INDEX('Model Inputs & Assumptions'!$H$40:$H$42,MATCH('Model Inputs & Assumptions'!$L$31,'Model Inputs & Assumptions'!$A$40:$A$42,0)) -> 261054.36 | K1509: =H1509*INDEX('Model Inputs & Assumptions'!$G$40:$G$42,MATCH('Model Inputs & Assumptions'!$L$31,'Model Inputs & Assumptions'!$A$40:$A$42,0))*INDEX('Model Inputs & Assumptions'!$H$40:$H$42,MATCH('Model Inputs & Assumptions'!$L$31,'Model Inputs & Assumptions'!$A$40:$A$42,0)) -> 5756.2487 | L1509: =IFERROR(K1509/I1509,0) -> 1.1598401 | M1509: =IFERROR(I1509/H1509,0) -> 136.88093 | N1509: ='Model Inputs & Assumptions'!$L$31 -> PRD-USIQ | P1509: -0.191761 | Q1509: -1.740505 | R1509: -0.45268 | S1509: -0.417546
A1510: 7 | B1510: ='Model Inputs & Assumptions'!$B$31 -> YouTube — Finfluencer Pre-roll | C1510: =ROUND(MAX(0,'Model Inputs & Assumptions'!$S$31*EXP('Model Inputs & Assumptions'!$T$31*P1510-'Model Inputs & Assumptions'!$T$31^2/2)),0) -> 284341 | D1510: =MIN(1,'Model Inputs & Assumptions'!$U$31*EXP('Model Inputs & Assumptions'!$V$31*Q1510-'Model Inputs & Assumptions'!$V$31^2/2)) -> 0.66333676 | E1510: =ROUND(C1510*D1510,0) -> 188614 | F1510: =MIN(1,'Model Inputs & Assumptions'!$W$31*EXP('Model Inputs & Assumptions'!$X$31*R1510-'Model Inputs & Assumptions'!$X$31^2/2)) -> 0.0065001631 | G1510: =ROUND(C1510*F1510,0) -> 1848 | H1510: =MAX(0,(C1510*'Model Inputs & Assumptions'!$N$31+E1510*'Model Inputs & Assumptions'!$O$31+G1510*'Model Inputs & Assumptions'!$P$31)*EXP('Model Inputs & Assumptions'!$Q$31*S1510-'Model Inputs & Assumptions'!$Q$31^2/2)) -> 54.595061 | I1510: =IF('Model Inputs & Assumptions'!$H$31="Fixed",'Model Inputs & Assumptions'!$I$31*'Model Inputs & Assumptions'!$K$31,IF('Model Inputs & Assumptions'!$H$31="CPM",'Model Inputs & Assumptions'!$I$31*'Model Inputs & Assumptions'!$K$31*C1510/1000,IF('Model Inputs & Assumptions'!$H$31="CPC",'Model Inputs & Assumptions'!$I$31*'Model Inputs & Assumptions'!$K$31*G1510,0))) -> 3226.133 | J1510: =H1510*INDEX('Model Inputs & Assumptions'!$D$40:$D$42,MATCH('Model Inputs & Assumptions'!$L$31,'Model Inputs & Assumptions'!$A$40:$A$42,0))*INDEX('Model Inputs & Assumptions'!$H$40:$H$42,MATCH('Model Inputs & Assumptions'!$L$31,'Model Inputs & Assumptions'!$A$40:$A$42,0)) -> 393084.44 | K1510: =H1510*INDEX('Model Inputs & Assumptions'!$G$40:$G$42,MATCH('Model Inputs & Assumptions'!$L$31,'Model Inputs & Assumptions'!$A$40:$A$42,0))*INDEX('Model Inputs & Assumptions'!$H$40:$H$42,MATCH('Model Inputs & Assumptions'!$L$31,'Model Inputs & Assumptions'!$A$40:$A$42,0)) -> 8667.5118 | L1510: =IFERROR(K1510/I1510,0) -> 2.6866567 | M1510: =IFERROR(I1510/H1510,0) -> 59.09203 | N1510: ='Model Inputs & Assumptions'!$L$31 -> PRD-USIQ | P1510: -1.730048 | Q1510: 0.906859 | R1510: 1.213289 | S1510: 0.869835
A1511: 8 | B1511: ='Model Inputs & Assumptions'!$B$31 -> YouTube — Finfluencer Pre-roll | C1511: =ROUND(MAX(0,'Model Inputs & Assumptions'!$S$31*EXP('Model Inputs & Assumptions'!$T$31*P1511-'Model Inputs & Assumptions'!$T$31^2/2)),0) -> 414475 | D1511: =MIN(1,'Model Inputs & Assumptions'!$U$31*EXP('Model Inputs & Assumptions'!$V$31*Q1511-'Model Inputs & Assumptions'!$V$31^2/2)) -> 0.76649565 | E1511: =ROUND(C1511*D1511,0) -> 317693 | F1511: =MIN(1,'Model Inputs & Assumptions'!$W$31*EXP('Model Inputs & Assumptions'!$X$31*R1511-'Model Inputs & Assumptions'!$X$31^2/2)) -> 0.0066754528 | G1511: =ROUND(C1511*F1511,0) -> 2767 | H1511: =MAX(0,(C1511*'Model Inputs & Assumptions'!$N$31+E1511*'Model Inputs & Assumptions'!$O$31+G1511*'Model Inputs & Assumptions'!$P$31)*EXP('Model Inputs & Assumptions'!$Q$31*S1511-'Model Inputs & Assumptions'!$Q$31^2/2)) -> 72.286707 | I1511: =IF('Model Inputs & Assumptions'!$H$31="Fixed",'Model Inputs & Assumptions'!$I$31*'Model Inputs & Assumptions'!$K$31,IF('Model Inputs & Assumptions'!$H$31="CPM",'Model Inputs & Assumptions'!$I$31*'Model Inputs & Assumptions'!$K$31*C1511/1000,IF('Model Inputs & Assumptions'!$H$31="CPC",'Model Inputs & Assumptions'!$I$31*'Model Inputs & Assumptions'!$K$31*G1511,0))) -> 4702.6334 | J1511: =H1511*INDEX('Model Inputs & Assumptions'!$D$40:$D$42,MATCH('Model Inputs & Assumptions'!$L$31,'Model Inputs & Assumptions'!$A$40:$A$42,0))*INDEX('Model Inputs & Assumptions'!$H$40:$H$42,MATCH('Model Inputs & Assumptions'!$L$31,'Model Inputs & Assumptions'!$A$40:$A$42,0)) -> 520464.29 | K1511: =H1511*INDEX('Model Inputs & Assumptions'!$G$40:$G$42,MATCH('Model Inputs & Assumptions'!$L$31,'Model Inputs & Assumptions'!$A$40:$A$42,0))*INDEX('Model Inputs & Assumptions'!$H$40:$H$42,MATCH('Model Inputs & Assumptions'!$L$31,'Model Inputs & Assumptions'!$A$40:$A$42,0)) -> 11476.238 | L1511: =IFERROR(K1511/I1511,0) -> 2.4403854 | M1511: =IFERROR(I1511/H1511,0) -> 65.055299 | N1511: ='Model Inputs & Assumptions'!$L$31 -> PRD-USIQ | P1511: -0.384189 | Q1511: 1.939332 | R1511: 1.324163 | S1511: 0.395388
A1512: 9 | B1512: ='Model Inputs & Assumptions'!$B$31 -> YouTube — Finfluencer Pre-roll | C1512: =ROUND(MAX(0,'Model Inputs & Assumptions'!$S$31*EXP('Model Inputs & Assumptions'!$T$31*P1512-'Model Inputs & Assumptions'!$T$31^2/2)),0) -> 385847 | D1512: =MIN(1,'Model Inputs & Assumptions'!$U$31*EXP('Model Inputs & Assumptions'!$V$31*Q1512-'Model Inputs & Assumptions'!$V$31^2/2)) -> 0.70711563 | E1512: =ROUND(C1512*D1512,0) -> 272838 | F1512: =MIN(1,'Model Inputs & Assumptions'!$W$31*EXP('Model Inputs & Assumptions'!$X$31*R1512-'Model Inputs & Assumptions'!$X$31^2/2)) -> 0.0038252023 | G1512: =ROUND(C1512*F1512,0) -> 1476 | H1512: =MAX(0,(C1512*'Model Inputs & Assumptions'!$N$31+E1512*'Model Inputs & Assumptions'!$O$31+G1512*'Model Inputs & Assumptions'!$P$31)*EXP('Model Inputs & Assumptions'!$Q$31*S1512-'Model Inputs & Assumptions'!$Q$31^2/2)) -> 45.995555 | I1512: =IF('Model Inputs & Assumptions'!$H$31="Fixed",'Model Inputs & Assumptions'!$I$31*'Model Inputs & Assumptions'!$K$31,IF('Model Inputs & Assumptions'!$H$31="CPM",'Model Inputs & Assumptions'!$I$31*'Model Inputs & Assumptions'!$K$31*C1512/1000,IF('Model Inputs & Assumptions'!$H$31="CPC",'Model Inputs & Assumptions'!$I$31*'Model Inputs & Assumptions'!$K$31*G1512,0))) -> 4377.8201 | J1512: =H1512*INDEX('Model Inputs & Assumptions'!$D$40:$D$42,MATCH('Model Inputs & Assumptions'!$L$31,'Model Inputs & Assumptions'!$A$40:$A$42,0))*INDEX('Model Inputs & Assumptions'!$H$40:$H$42,MATCH('Model Inputs & Assumptions'!$L$31,'Model Inputs & Assumptions'!$A$40:$A$42,0)) -> 331168 | K1512: =H1512*INDEX('Model Inputs & Assumptions'!$G$40:$G$42,MATCH('Model Inputs & Assumptions'!$L$31,'Model Inputs & Assumptions'!$A$40:$A$42,0))*INDEX('Model Inputs & Assumptions'!$H$40:$H$42,MATCH('Model Inputs & Assumptions'!$L$31,'Model Inputs & Assumptions'!$A$40:$A$42,0)) -> 7302.2543 | L1512: =IFERROR(K1512/I1512,0) -> 1.6680115 | M1512: =IFERROR(I1512/H1512,0) -> 95.179198 | N1512: ='Model Inputs & Assumptions'!$L$31 -> PRD-USIQ | P1512: -0.639803 | Q1512: 1.363369 | R1512: -0.995944 | S1512: 0.30387
A1513: 10 | B1513: ='Model Inputs & Assumptions'!$B$31 -> YouTube — Finfluencer Pre-roll | C1513: =ROUND(MAX(0,'Model Inputs & Assumptions'!$S$31*EXP('Model Inputs & Assumptions'!$T$31*P1513-'Model Inputs & Assumptions'!$T$31^2/2)),0) -> 456977 | D1513: =MIN(1,'Model Inputs & Assumptions'!$U$31*EXP('Model Inputs & Assumptions'!$V$31*Q1513-'Model Inputs & Assumptions'!$V$31^2/2)) -> 0.46013165 | E1513: =ROUND(C1513*D1513,0) -> 210270 | F1513: =MIN(1,'Model Inputs & Assumptions'!$W$31*EXP('Model Inputs & Assumptions'!$X$31*R1513-'Model Inputs & Assumptions'!$X$31^2/2)) -> 0.005238829 | G1513: =ROUND(C1513*F1513,0) -> 2394 | H1513: =MAX(0,(C1513*'Model Inputs & Assumptions'!$N$31+E1513*'Model Inputs & Assumptions'!$O$31+G1513*'Model Inputs & Assumptions'!$P$31)*EXP('Model Inputs & Assumptions'!$Q$31*S1513-'Model Inputs & Assumptions'!$Q$31^2/2)) -> 36.081436 | I1513: =IF('Model Inputs & Assumptions'!$H$31="Fixed",'Model Inputs & Assumptions'!$I$31*'Model Inputs & Assumptions'!$K$31,IF('Model Inputs & Assumptions'!$H$31="CPM",'Model Inputs & Assumptions'!$I$31*'Model Inputs & Assumptions'!$K$31*C1513/1000,IF('Model Inputs & Assumptions'!$H$31="CPC",'Model Inputs & Assumptions'!$I$31*'Model Inputs & Assumptions'!$K$31*G1513,0))) -> 5184.861 | J1513: =H1513*INDEX('Model Inputs & Assumptions'!$D$40:$D$42,MATCH('Model Inputs & Assumptions'!$L$31,'Model Inputs & Assumptions'!$A$40:$A$42,0))*INDEX('Model Inputs & Assumptions'!$H$40:$H$42,MATCH('Model Inputs & Assumptions'!$L$31,'Model Inputs & Assumptions'!$A$40:$A$42,0)) -> 259786.34 | K1513: =H1513*INDEX('Model Inputs & Assumptions'!$G$40:$G$42,MATCH('Model Inputs & Assumptions'!$L$31,'Model Inputs & Assumptions'!$A$40:$A$42,0))*INDEX('Model Inputs & Assumptions'!$H$40:$H$42,MATCH('Model Inputs & Assumptions'!$L$31,'Model Inputs & Assumptions'!$A$40:$A$42,0)) -> 5728.2888 | L1513: =IFERROR(K1513/I1513,0) -> 1.1048105 | M1513: =IFERROR(I1513/H1513,0) -> 143.69885 | N1513: ='Model Inputs & Assumptions'!$L$31 -> PRD-USIQ | P1513: -0.035546 | Q1513: -1.705785 | R1513: 0.314417 | S1513: -0.909104
A1514: 11 | B1514: ='Model Inputs & Assumptions'!$B$31 -> YouTube — Finfluencer Pre-roll | C1514: =ROUND(MAX(0,'Model Inputs & Assumptions'!$S$31*EXP('Model Inputs & Assumptions'!$T$31*P1514-'Model Inputs & Assumptions'!$T$31^2/2)),0) -> 452917 | D1514: =MIN(1,'Model Inputs & Assumptions'!$U$31*EXP('Model Inputs & Assumptions'!$V$31*Q1514-'Model Inputs & Assumptions'!$V$31^2/2)) -> 0.57053562 | E1514: =ROUND(C1514*D1514,0) -> 258405 | F1514: =MIN(1,'Model Inputs & Assumptions'!$W$31*EXP('Model Inputs & Assumptions'!$X$31*R1514-'Model Inputs & Assumptions'!$X$31^2/2)) -> 0.0037139051 | G1514: =ROUND(C1514*F1514,0) -> 1682 | H1514: =MAX(0,(C1514*'Model Inputs & Assumptions'!$N$31+E1514*'Model Inputs & Assumptions'!$O$31+G1514*'Model Inputs & Assumptions'!$P$31)*EXP('Model Inputs & Assumptions'!$Q$31*S1514-'Model Inputs & Assumptions'!$Q$31^2/2)) -> 44.886371 | I1514: =IF('Model Inputs & Assumptions'!$H$31="Fixed",'Model Inputs & Assumptions'!$I$31*'Model Inputs & Assumptions'!$K$31,IF('Model Inputs & Assumptions'!$H$31="CPM",'Model Inputs & Assumptions'!$I$31*'Model Inputs & Assumptions'!$K$31*C1514/1000,IF('Model Inputs & Assumptions'!$H$31="CPC",'Model Inputs & Assumptions'!$I$31*'Model Inputs & Assumptions'!$K$31*G1514,0))) -> 5138.7963 | J1514: =H1514*INDEX('Model Inputs & Assumptions'!$D$40:$D$42,MATCH('Model Inputs & Assumptions'!$L$31,'Model Inputs & Assumptions'!$A$40:$A$42,0))*INDEX('Model Inputs & Assumptions'!$H$40:$H$42,MATCH('Model Inputs & Assumptions'!$L$31,'Model Inputs & Assumptions'!$A$40:$A$42,0)) -> 323181.87 | K1514: =H1514*INDEX('Model Inputs & Assumptions'!$G$40:$G$42,MATCH('Model Inputs & Assumptions'!$L$31,'Model Inputs & Assumptions'!$A$40:$A$42,0))*INDEX('Model Inputs & Assumptions'!$H$40:$H$42,MATCH('Model Inputs & Assumptions'!$L$31,'Model Inputs & Assumptions'!$A$40:$A$42,0)) -> 7126.1602 | L1514: =IFERROR(K1514/I1514,0) -> 1.3867373 | M1514: =IFERROR(I1514/H1514,0) -> 114.48456 | N1514: ='Model Inputs & Assumptions'!$L$31 -> PRD-USIQ | P1514: -0.06742 | Q1514: -0.169621 | R1514: -1.118975 | S1514: 0.111048
A1515: 12 | B1515: ='Model Inputs & Assumptions'!$B$31 -> YouTube — Finfluencer Pre-roll | C1515: =ROUND(MAX(0,'Model Inputs & Assumptions'!$S$31*EXP('Model Inputs & Assumptions'!$T$31*P1515-'Model Inputs & Assumptions'!$T$31^2/2)),0) -> 452778 | D1515: =MIN(1,'Model Inputs & Assumptions'!$U$31*EXP('Model Inputs & Assumptions'!$V$31*Q1515-'Model Inputs & Assumptions'!$V$31^2/2)) -> 0.69288349 | E1515: =ROUND(C1515*D1515,0) -> 313722 | F1515: =MIN(1,'Model Inputs & Assumptions'!$W$31*EXP('Model Inputs & Assumptions'!$X$31*R1515-'Model Inputs & Assumptions'!$X$31^2/2)) -> 0.0036393675 | G1515: =ROUND(C1515*F1515,0) -> 1648 | H1515: =MAX(0,(C1515*'Model Inputs & Assumptions'!$N$31+E1515*'Model Inputs & Assumptions'!$O$31+G1515*'Model Inputs & Assumptions'!$P$31)*EXP('Model Inputs & Assumptions'!$Q$31*S1515-'Model Inputs & Assumptions'!$Q$31^2/2)) -> 32.16402 | I1515: =IF('Model Inputs & Assumptions'!$H$31="Fixed",'Model Inputs & Assumptions'!$I$31*'Model Inputs & Assumptions'!$K$31,IF('Model Inputs & Assumptions'!$H$31="CPM",'Model Inputs & Assumptions'!$I$31*'Model Inputs & Assumptions'!$K$31*C1515/1000,IF('Model Inputs & Assumptions'!$H$31="CPC",'Model Inputs & Assumptions'!$I$31*'Model Inputs & Assumptions'!$K$31*G1515,0))) -> 5137.2192 | J1515: =H1515*INDEX('Model Inputs & Assumptions'!$D$40:$D$42,MATCH('Model Inputs & Assumptions'!$L$31,'Model Inputs & Assumptions'!$A$40:$A$42,0))*INDEX('Model Inputs & Assumptions'!$H$40:$H$42,MATCH('Model Inputs & Assumptions'!$L$31,'Model Inputs & Assumptions'!$A$40:$A$42,0)) -> 231580.95 | K1515: =H1515*INDEX('Model Inputs & Assumptions'!$G$40:$G$42,MATCH('Model Inputs & Assumptions'!$L$31,'Model Inputs & Assumptions'!$A$40:$A$42,0))*INDEX('Model Inputs & Assumptions'!$H$40:$H$42,MATCH('Model Inputs & Assumptions'!$L$31,'Model Inputs & Assumptions'!$A$40:$A$42,0)) -> 5106.3599 | L1515: =IFERROR(K1515/I1515,0) -> 0.99399299 | M1515: =IFERROR(I1515/H1515,0) -> 159.71944 | N1515: ='Model Inputs & Assumptions'!$L$31 -> PRD-USIQ | P1515: -0.068516 | Q1515: 1.218138 | R1515: -1.20345 | S1515: -1.075066
... A2003: 500 | B2003: ='Model Inputs & Assumptions'!$B$31 -> YouTube — Finfluencer Pre-roll | C2003: =ROUND(MAX(0,'Model Inputs & Assumptions'!$S$31*EXP('Model Inputs & Assumptions'!$T$31*P2003-'Model Inputs & Assumptions'!$T$31^2/2)),0) -> 412658 | D2003: =MIN(1,'Model Inputs & Assumptions'!$U$31*EXP('Model Inputs & Assumptions'!$V$31*Q2003-'Model Inputs & Assumptions'!$V$31^2/2)) -> 0.67375326 | E2003: =ROUND(C2003*D2003,0) -> 278030 | F2003: =MIN(1,'Model Inputs & Assumptions'!$W$31*EXP('Model Inputs & Assumptions'!$X$31*R2003-'Model Inputs & Assumptions'!$X$31^2/2)) -> 0.0046474115 | G2003: =ROUND(C2003*F2003,0) -> 1918 | H2003: =MAX(0,(C2003*'Model Inputs & Assumptions'!$N$31+E2003*'Model Inputs & Assumptions'!$O$31+G2003*'Model Inputs & Assumptions'!$P$31)*EXP('Model Inputs & Assumptions'!$Q$31*S2003-'Model Inputs & Assumptions'!$Q$31^2/2)) -> 58.501359 | I2003: =IF('Model Inputs & Assumptions'!$H$31="Fixed",'Model Inputs & Assumptions'!$I$31*'Model Inputs & Assumptions'!$K$31,IF('Model Inputs & Assumptions'!$H$31="CPM",'Model Inputs & Assumptions'!$I$31*'Model Inputs & Assumptions'!$K$31*C2003/1000,IF('Model Inputs & Assumptions'!$H$31="CPC",'Model Inputs & Assumptions'!$I$31*'Model Inputs & Assumptions'!$K$31*G2003,0))) -> 4682.0177 | J2003: =H2003*INDEX('Model Inputs & Assumptions'!$D$40:$D$42,MATCH('Model Inputs & Assumptions'!$L$31,'Model Inputs & Assumptions'!$A$40:$A$42,0))*INDEX('Model Inputs & Assumptions'!$H$40:$H$42,MATCH('Model Inputs & Assumptions'!$L$31,'Model Inputs & Assumptions'!$A$40:$A$42,0)) -> 421209.79 | K2003: =H2003*INDEX('Model Inputs & Assumptions'!$G$40:$G$42,MATCH('Model Inputs & Assumptions'!$L$31,'Model Inputs & Assumptions'!$A$40:$A$42,0))*INDEX('Model Inputs & Assumptions'!$H$40:$H$42,MATCH('Model Inputs & Assumptions'!$L$31,'Model Inputs & Assumptions'!$A$40:$A$42,0)) -> 9287.6758 | L2003: =IFERROR(K2003/I2003,0) -> 1.9836909 | M2003: =IFERROR(I2003/H2003,0) -> 80.03263 | N2003: ='Model Inputs & Assumptions'!$L$31 -> PRD-USIQ | P2003: -0.39988 | Q2003: 1.018153 | R2003: -0.184698 | S2003: 0.566375
A2004: 1 | B2004: ='Model Inputs & Assumptions'!$B$32 -> Trade Republic — In-App Display | C2004: =ROUND(MAX(0,'Model Inputs & Assumptions'!$S$32*EXP('Model Inputs & Assumptions'!$T$32*P2004-'Model Inputs & Assumptions'!$T$32^2/2)),0) -> 1408956 | D2004: =MIN(1,'Model Inputs & Assumptions'!$U$32*EXP('Model Inputs & Assumptions'!$V$32*Q2004-'Model Inputs & Assumptions'!$V$32^2/2)) -> 0 | E2004: =ROUND(C2004*D2004,0) -> 0 | F2004: =MIN(1,'Model Inputs & Assumptions'!$W$32*EXP('Model Inputs & Assumptions'!$X$32*R2004-'Model Inputs & Assumptions'!$X$32^2/2)) -> 0.0023899371 | G2004: =ROUND(C2004*F2004,0) -> 3367 | H2004: =MAX(0,(C2004*'Model Inputs & Assumptions'!$N$32+E2004*'Model Inputs & Assumptions'!$O$32+G2004*'Model Inputs & Assumptions'!$P$32)*EXP('Model Inputs & Assumptions'!$Q$32*S2004-'Model Inputs & Assumptions'!$Q$32^2/2)) -> 185.94718 | I2004: =IF('Model Inputs & Assumptions'!$H$32="Fixed",'Model Inputs & Assumptions'!$I$32*'Model Inputs & Assumptions'!$K$32,IF('Model Inputs & Assumptions'!$H$32="CPM",'Model Inputs & Assumptions'!$I$32*'Model Inputs & Assumptions'!$K$32*C2004/1000,IF('Model Inputs & Assumptions'!$H$32="CPC",'Model Inputs & Assumptions'!$I$32*'Model Inputs & Assumptions'!$K$32*G2004,0))) -> 16907.472 | J2004: =H2004*INDEX('Model Inputs & Assumptions'!$D$40:$D$42,MATCH('Model Inputs & Assumptions'!$L$32,'Model Inputs & Assumptions'!$A$40:$A$42,0))*INDEX('Model Inputs & Assumptions'!$H$40:$H$42,MATCH('Model Inputs & Assumptions'!$L$32,'Model Inputs & Assumptions'!$A$40:$A$42,0)) -> 1004114.7 | K2004: =H2004*INDEX('Model Inputs & Assumptions'!$G$40:$G$42,MATCH('Model Inputs & Assumptions'!$L$32,'Model Inputs & Assumptions'!$A$40:$A$42,0))*INDEX('Model Inputs & Assumptions'!$H$40:$H$42,MATCH('Model Inputs & Assumptions'!$L$32,'Model Inputs & Assumptions'!$A$40:$A$42,0)) -> 21086.41 | L2004: =IFERROR(K2004/I2004,0) -> 1.2471651 | M2004: =IFERROR(I2004/H2004,0) -> 90.92621 | N2004: ='Model Inputs & Assumptions'!$L$32 -> PRD-SP01 | P2004: 0.685091 | Q2004: 2.658644 | R2004: -1.121653 | S2004: 0.87135
A2005: 2 | B2005: ='Model Inputs & Assumptions'!$B$32 -> Trade Republic — In-App Display | C2005: =ROUND(MAX(0,'Model Inputs & Assumptions'!$S$32*EXP('Model Inputs & Assumptions'!$T$32*P2005-'Model Inputs & Assumptions'!$T$32^2/2)),0) -> 1033269 | D2005: =MIN(1,'Model Inputs & Assumptions'!$U$32*EXP('Model Inputs & Assumptions'!$V$32*Q2005-'Model Inputs & Assumptions'!$V$32^2/2)) -> 0 | E2005: =ROUND(C2005*D2005,0) -> 0 | F2005: =MIN(1,'Model Inputs & Assumptions'!$W$32*EXP('Model Inputs & Assumptions'!$X$32*R2005-'Model Inputs & Assumptions'!$X$32^2/2)) -> 0.0016063634 | G2005: =ROUND(C2005*F2005,0) -> 1660 | H2005: =MAX(0,(C2005*'Model Inputs & Assumptions'!$N$32+E2005*'Model Inputs & Assumptions'!$O$32+G2005*'Model Inputs & Assumptions'!$P$32)*EXP('Model Inputs & Assumptions'!$Q$32*S2005-'Model Inputs & Assumptions'!$Q$32^2/2)) -> 43.874246 | I2005: =IF('Model Inputs & Assumptions'!$H$32="Fixed",'Model Inputs & Assumptions'!$I$32*'Model Inputs & Assumptions'!$K$32,IF('Model Inputs & Assumptions'!$H$32="CPM",'Model Inputs & Assumptions'!$I$32*'Model Inputs & Assumptions'!$K$32*C2005/1000,IF('Model Inputs & Assumptions'!$H$32="CPC",'Model Inputs & Assumptions'!$I$32*'Model Inputs & Assumptions'!$K$32*G2005,0))) -> 12399.228 | J2005: =H2005*INDEX('Model Inputs & Assumptions'!$D$40:$D$42,MATCH('Model Inputs & Assumptions'!$L$32,'Model Inputs & Assumptions'!$A$40:$A$42,0))*INDEX('Model Inputs & Assumptions'!$H$40:$H$42,MATCH('Model Inputs & Assumptions'!$L$32,'Model Inputs & Assumptions'!$A$40:$A$42,0)) -> 236920.93 | K2005: =H2005*INDEX('Model Inputs & Assumptions'!$G$40:$G$42,MATCH('Model Inputs & Assumptions'!$L$32,'Model Inputs & Assumptions'!$A$40:$A$42,0))*INDEX('Model Inputs & Assumptions'!$H$40:$H$42,MATCH('Model Inputs & Assumptions'!$L$32,'Model Inputs & Assumptions'!$A$40:$A$42,0)) -> 4975.3395 | L2005: =IFERROR(K2005/I2005,0) -> 0.40126204 | M2005: =IFERROR(I2005/H2005,0) -> 282.60835 | N2005: ='Model Inputs & Assumptions'!$L$32 -> PRD-SP01 | P2005: -0.348648 | Q2005: 1.741759 | R2005: -2.445967 | S2005: -1.760545
A2006: 3 | B2006: ='Model Inputs & Assumptions'!$B$32 -> Trade Republic — In-App Display | C2006: =ROUND(MAX(0,'Model Inputs & Assumptions'!$S$32*EXP('Model Inputs & Assumptions'!$T$32*P2006-'Model Inputs & Assumptions'!$T$32^2/2)),0) -> 1055074 | D2006: =MIN(1,'Model Inputs & Assumptions'!$U$32*EXP('Model Inputs & Assumptions'!$V$32*Q2006-'Model Inputs & Assumptions'!$V$32^2/2)) -> 0 | E2006: =ROUND(C2006*D2006,0) -> 0 | F2006: =MIN(1,'Model Inputs & Assumptions'!$W$32*EXP('Model Inputs & Assumptions'!$X$32*R2006-'Model Inputs & Assumptions'!$X$32^2/2)) -> 0.0042772666 | G2006: =ROUND(C2006*F2006,0) -> 4513 | H2006: =MAX(0,(C2006*'Model Inputs & Assumptions'!$N$32+E2006*'Model Inputs & Assumptions'!$O$32+G2006*'Model Inputs & Assumptions'!$P$32)*EXP('Model Inputs & Assumptions'!$Q$32*S2006-'Model Inputs & Assumptions'!$Q$32^2/2)) -> 126.06629 | I2006: =IF('Model Inputs & Assumptions'!$H$32="Fixed",'Model Inputs & Assumptions'!$I$32*'Model Inputs & Assumptions'!$K$32,IF('Model Inputs & Assumptions'!$H$32="CPM",'Model Inputs & Assumptions'!$I$32*'Model Inputs & Assumptions'!$K$32*C2006/1000,IF('Model Inputs & Assumptions'!$H$32="CPC",'Model Inputs & Assumptions'!$I$32*'Model Inputs & Assumptions'!$K$32*G2006,0))) -> 12660.888 | J2006: =H2006*INDEX('Model Inputs & Assumptions'!$D$40:$D$42,MATCH('Model Inputs & Assumptions'!$L$32,'Model Inputs & Assumptions'!$A$40:$A$42,0))*INDEX('Model Inputs & Assumptions'!$H$40:$H$42,MATCH('Model Inputs & Assumptions'!$L$32,'Model Inputs & Assumptions'!$A$40:$A$42,0)) -> 680757.95 | K2006: =H2006*INDEX('Model Inputs & Assumptions'!$G$40:$G$42,MATCH('Model Inputs & Assumptions'!$L$32,'Model Inputs & Assumptions'!$A$40:$A$42,0))*INDEX('Model Inputs & Assumptions'!$H$40:$H$42,MATCH('Model Inputs & Assumptions'!$L$32,'Model Inputs & Assumptions'!$A$40:$A$42,0)) -> 14295.917 | L2006: =IFERROR(K2006/I2006,0) -> 1.1291401 | M2006: =IFERROR(I2006/H2006,0) -> 100.4304 | N2006: ='Model Inputs & Assumptions'!$L$32 -> PRD-SP01 | P2006: -0.279037 | Q2006: -0.494461 | R2006: 0.818504 | S2006: -1.562917
A2007: 4 | B2007: ='Model Inputs & Assumptions'!$B$32 -> Trade Republic — In-App Display | C2007: =ROUND(MAX(0,'Model Inputs & Assumptions'!$S$32*EXP('Model Inputs & Assumptions'!$T$32*P2007-'Model Inputs & Assumptions'!$T$32^2/2)),0) -> 959525 | D2007: =MIN(1,'Model Inputs & Assumptions'!$U$32*EXP('Model Inputs & Assumptions'!$V$32*Q2007-'Model Inputs & Assumptions'!$V$32^2/2)) -> 0 | E2007: =ROUND(C2007*D2007,0) -> 0 | F2007: =MIN(1,'Model Inputs & Assumptions'!$W$32*EXP('Model Inputs & Assumptions'!$X$32*R2007-'Model Inputs & Assumptions'!$X$32^2/2)) -> 0.0039183372 | G2007: =ROUND(C2007*F2007,0) -> 3760 | H2007: =MAX(0,(C2007*'Model Inputs & Assumptions'!$N$32+E2007*'Model Inputs & Assumptions'!$O$32+G2007*'Model Inputs & Assumptions'!$P$32)*EXP('Model Inputs & Assumptions'!$Q$32*S2007-'Model Inputs & Assumptions'!$Q$32^2/2)) -> 128.68693 | I2007: =IF('Model Inputs & Assumptions'!$H$32="Fixed",'Model Inputs & Assumptions'!$I$32*'Model Inputs & Assumptions'!$K$32,IF('Model Inputs & Assumptions'!$H$32="CPM",'Model Inputs & Assumptions'!$I$32*'Model Inputs & Assumptions'!$K$32*C2007/1000,IF('Model Inputs & Assumptions'!$H$32="CPC",'Model Inputs & Assumptions'!$I$32*'Model Inputs & Assumptions'!$K$32*G2007,0))) -> 11514.3 | J2007: =H2007*INDEX('Model Inputs & Assumptions'!$D$40:$D$42,MATCH('Model Inputs & Assumptions'!$L$32,'Model Inputs & Assumptions'!$A$40:$A$42,0))*INDEX('Model Inputs & Assumptions'!$H$40:$H$42,MATCH('Model Inputs & Assumptions'!$L$32,'Model Inputs & Assumptions'!$A$40:$A$42,0)) -> 694909.43 | K2007: =H2007*INDEX('Model Inputs & Assumptions'!$G$40:$G$42,MATCH('Model Inputs & Assumptions'!$L$32,'Model Inputs & Assumptions'!$A$40:$A$42,0))*INDEX('Model Inputs & Assumptions'!$H$40:$H$42,MATCH('Model Inputs & Assumptions'!$L$32,'Model Inputs & Assumptions'!$A$40:$A$42,0)) -> 14593.098 | L2007: =IFERROR(K2007/I2007,0) -> 1.2673891 | M2007: =IFERROR(I2007/H2007,0) -> 89.475286 | N2007: ='Model Inputs & Assumptions'!$L$32 -> PRD-SP01 | P2007: -0.595463 | Q2007: -1.336665 | R2007: 0.526348 | S2007: -0.837496
A2008: 5 | B2008: ='Model Inputs & Assumptions'!$B$32 -> Trade Republic — In-App Display | C2008: =ROUND(MAX(0,'Model Inputs & Assumptions'!$S$32*EXP('Model Inputs & Assumptions'!$T$32*P2008-'Model Inputs & Assumptions'!$T$32^2/2)),0) -> 738889 | D2008: =MIN(1,'Model Inputs & Assumptions'!$U$32*EXP('Model Inputs & Assumptions'!$V$32*Q2008-'Model Inputs & Assumptions'!$V$32^2/2)) -> 0 | E2008: =ROUND(C2008*D2008,0) -> 0 | F2008: =MIN(1,'Model Inputs & Assumptions'!$W$32*EXP('Model Inputs & Assumptions'!$X$32*R2008-'Model Inputs & Assumptions'!$X$32^2/2)) -> 0.0035422073 | G2008: =ROUND(C2008*F2008,0) -> 2617 | H2008: =MAX(0,(C2008*'Model Inputs & Assumptions'!$N$32+E2008*'Model Inputs & Assumptions'!$O$32+G2008*'Model Inputs & Assumptions'!$P$32)*EXP('Model Inputs & Assumptions'!$Q$32*S2008-'Model Inputs & Assumptions'!$Q$32^2/2)) -> 134.12863 | I2008: =IF('Model Inputs & Assumptions'!$H$32="Fixed",'Model Inputs & Assumptions'!$I$32*'Model Inputs & Assumptions'!$K$32,IF('Model Inputs & Assumptions'!$H$32="CPM",'Model Inputs & Assumptions'!$I$32*'Model Inputs & Assumptions'!$K$32*C2008/1000,IF('Model Inputs & Assumptions'!$H$32="CPC",'Model Inputs & Assumptions'!$I$32*'Model Inputs & Assumptions'!$K$32*G2008,0))) -> 8866.668 | J2008: =H2008*INDEX('Model Inputs & Assumptions'!$D$40:$D$42,MATCH('Model Inputs & Assumptions'!$L$32,'Model Inputs & Assumptions'!$A$40:$A$42,0))*INDEX('Model Inputs & Assumptions'!$H$40:$H$42,MATCH('Model Inputs & Assumptions'!$L$32,'Model Inputs & Assumptions'!$A$40:$A$42,0)) -> 724294.61 | K2008: =H2008*INDEX('Model Inputs & Assumptions'!$G$40:$G$42,MATCH('Model Inputs & Assumptions'!$L$32,'Model Inputs & Assumptions'!$A$40:$A$42,0))*INDEX('Model Inputs & Assumptions'!$H$40:$H$42,MATCH('Model Inputs & Assumptions'!$L$32,'Model Inputs & Assumptions'!$A$40:$A$42,0)) -> 15210.187 | L2008: =IFERROR(K2008/I2008,0) -> 1.7154343 | M2008: =IFERROR(I2008/H2008,0) -> 66.105707 | N2008: ='Model Inputs & Assumptions'!$L$32 -> PRD-SP01 | P2008: -1.466431 | Q2008: 0.883576 | R2008: 0.189957 | S2008: 0.604672
A2009: 6 | B2009: ='Model Inputs & Assumptions'!$B$32 -> Trade Republic — In-App Display | C2009: =ROUND(MAX(0,'Model Inputs & Assumptions'!$S$32*EXP('Model Inputs & Assumptions'!$T$32*P2009-'Model Inputs & Assumptions'!$T$32^2/2)),0) -> 962410 | D2009: =MIN(1,'Model Inputs & Assumptions'!$U$32*EXP('Model Inputs & Assumptions'!$V$32*Q2009-'Model Inputs & Assumptions'!$V$32^2/2)) -> 0 | E2009: =ROUND(C2009*D2009,0) -> 0 | F2009: =MIN(1,'Model Inputs & Assumptions'!$W$32*EXP('Model Inputs & Assumptions'!$X$32*R2009-'Model Inputs & Assumptions'!$X$32^2/2)) -> 0.0069932421 | G2009: =ROUND(C2009*F2009,0) -> 6730 | H2009: =MAX(0,(C2009*'Model Inputs & Assumptions'!$N$32+E2009*'Model Inputs & Assumptions'!$O$32+G2009*'Model Inputs & Assumptions'!$P$32)*EXP('Model Inputs & Assumptions'!$Q$32*S2009-'Model Inputs & Assumptions'!$Q$32^2/2)) -> 292.4309 | I2009: =IF('Model Inputs & Assumptions'!$H$32="Fixed",'Model Inputs & Assumptions'!$I$32*'Model Inputs & Assumptions'!$K$32,IF('Model Inputs & Assumptions'!$H$32="CPM",'Model Inputs & Assumptions'!$I$32*'Model Inputs & Assumptions'!$K$32*C2009/1000,IF('Model Inputs & Assumptions'!$H$32="CPC",'Model Inputs & Assumptions'!$I$32*'Model Inputs & Assumptions'!$K$32*G2009,0))) -> 11548.92 | J2009: =H2009*INDEX('Model Inputs & Assumptions'!$D$40:$D$42,MATCH('Model Inputs & Assumptions'!$L$32,'Model Inputs & Assumptions'!$A$40:$A$42,0))*INDEX('Model Inputs & Assumptions'!$H$40:$H$42,MATCH('Model Inputs & Assumptions'!$L$32,'Model Inputs & Assumptions'!$A$40:$A$42,0)) -> 1579126.9 | K2009: =H2009*INDEX('Model Inputs & Assumptions'!$G$40:$G$42,MATCH('Model Inputs & Assumptions'!$L$32,'Model Inputs & Assumptions'!$A$40:$A$42,0))*INDEX('Model Inputs & Assumptions'!$H$40:$H$42,MATCH('Model Inputs & Assumptions'!$L$32,'Model Inputs & Assumptions'!$A$40:$A$42,0)) -> 33161.664 | L2009: =IFERROR(K2009/I2009,0) -> 2.8714082 | M2009: =IFERROR(I2009/H2009,0) -> 39.492817 | N2009: ='Model Inputs & Assumptions'!$L$32 -> PRD-SP01 | P2009: -0.585453 | Q2009: -0.320931 | R2009: 2.457271 | S2009: 0.014967
A2010: 7 | B2010: ='Model Inputs & Assumptions'!$B$32 -> Trade Republic — In-App Display | C2010: =ROUND(MAX(0,'Model Inputs & Assumptions'!$S$32*EXP('Model Inputs & Assumptions'!$T$32*P2010-'Model Inputs & Assumptions'!$T$32^2/2)),0) -> 1973499 | D2010: =MIN(1,'Model Inputs & Assumptions'!$U$32*EXP('Model Inputs & Assumptions'!$V$32*Q2010-'Model Inputs & Assumptions'!$V$32^2/2)) -> 0 | E2010: =ROUND(C2010*D2010,0) -> 0 | F2010: =MIN(1,'Model Inputs & Assumptions'!$W$32*EXP('Model Inputs & Assumptions'!$X$32*R2010-'Model Inputs & Assumptions'!$X$32^2/2)) -> 0.0032233844 | G2010: =ROUND(C2010*F2010,0) -> 6361 | H2010: =MAX(0,(C2010*'Model Inputs & Assumptions'!$N$32+E2010*'Model Inputs & Assumptions'!$O$32+G2010*'Model Inputs & Assumptions'!$P$32)*EXP('Model Inputs & Assumptions'!$Q$32*S2010-'Model Inputs & Assumptions'!$Q$32^2/2)) -> 299.47187 | I2010: =IF('Model Inputs & Assumptions'!$H$32="Fixed",'Model Inputs & Assumptions'!$I$32*'Model Inputs & Assumptions'!$K$32,IF('Model Inputs & Assumptions'!$H$32="CPM",'Model Inputs & Assumptions'!$I$32*'Model Inputs & Assumptions'!$K$32*C2010/1000,IF('Model Inputs & Assumptions'!$H$32="CPC",'Model Inputs & Assumptions'!$I$32*'Model Inputs & Assumptions'!$K$32*G2010,0))) -> 23681.988 | J2010: =H2010*INDEX('Model Inputs & Assumptions'!$D$40:$D$42,MATCH('Model Inputs & Assumptions'!$L$32,'Model Inputs & Assumptions'!$A$40:$A$42,0))*INDEX('Model Inputs & Assumptions'!$H$40:$H$42,MATCH('Model Inputs & Assumptions'!$L$32,'Model Inputs & Assumptions'!$A$40:$A$42,0)) -> 1617148.1 | K2010: =H2010*INDEX('Model Inputs & Assumptions'!$G$40:$G$42,MATCH('Model Inputs & Assumptions'!$L$32,'Model Inputs & Assumptions'!$A$40:$A$42,0))*INDEX('Model Inputs & Assumptions'!$H$40:$H$42,MATCH('Model Inputs & Assumptions'!$L$32,'Model Inputs & Assumptions'!$A$40:$A$42,0)) -> 33960.11 | L2010: =IFERROR(K2010/I2010,0) -> 1.4340059 | M2010: =IFERROR(I2010/H2010,0) -> 79.079174 | N2010: ='Model Inputs & Assumptions'!$L$32 -> PRD-SP01 | P2010: 1.808289 | Q2010: -0.189635 | R2010: -0.124437 | S2010: 0.30133
A2011: 8 | B2011: ='Model Inputs & Assumptions'!$B$32 -> Trade Republic — In-App Display | C2011: =ROUND(MAX(0,'Model Inputs & Assumptions'!$S$32*EXP('Model Inputs & Assumptions'!$T$32*P2011-'Model Inputs & Assumptions'!$T$32^2/2)),0) -> 1591448 | D2011: =MIN(1,'Model Inputs & Assumptions'!$U$32*EXP('Model Inputs & Assumptions'!$V$32*Q2011-'Model Inputs & Assumptions'!$V$32^2/2)) -> 0 | E2011: =ROUND(C2011*D2011,0) -> 0 | F2011: =MIN(1,'Model Inputs & Assumptions'!$W$32*EXP('Model Inputs & Assumptions'!$X$32*R2011-'Model Inputs & Assumptions'!$X$32^2/2)) -> 0.0027240667 | G2011: =ROUND(C2011*F2011,0) -> 4335 | H2011: =MAX(0,(C2011*'Model Inputs & Assumptions'!$N$32+E2011*'Model Inputs & Assumptions'!$O$32+G2011*'Model Inputs & Assumptions'!$P$32)*EXP('Model Inputs & Assumptions'!$Q$32*S2011-'Model Inputs & Assumptions'!$Q$32^2/2)) -> 120.91368 | I2011: =IF('Model Inputs & Assumptions'!$H$32="Fixed",'Model Inputs & Assumptions'!$I$32*'Model Inputs & Assumptions'!$K$32,IF('Model Inputs & Assumptions'!$H$32="CPM",'Model Inputs & Assumptions'!$I$32*'Model Inputs & Assumptions'!$K$32*C2011/1000,IF('Model Inputs & Assumptions'!$H$32="CPC",'Model Inputs & Assumptions'!$I$32*'Model Inputs & Assumptions'!$K$32*G2011,0))) -> 19097.376 | J2011: =H2011*INDEX('Model Inputs & Assumptions'!$D$40:$D$42,MATCH('Model Inputs & Assumptions'!$L$32,'Model Inputs & Assumptions'!$A$40:$A$42,0))*INDEX('Model Inputs & Assumptions'!$H$40:$H$42,MATCH('Model Inputs & Assumptions'!$L$32,'Model Inputs & Assumptions'!$A$40:$A$42,0)) -> 652933.87 | K2011: =H2011*INDEX('Model Inputs & Assumptions'!$G$40:$G$42,MATCH('Model Inputs & Assumptions'!$L$32,'Model Inputs & Assumptions'!$A$40:$A$42,0))*INDEX('Model Inputs & Assumptions'!$H$40:$H$42,MATCH('Model Inputs & Assumptions'!$L$32,'Model Inputs & Assumptions'!$A$40:$A$42,0)) -> 13711.611 | L2011: =IFERROR(K2011/I2011,0) -> 0.71798405 | M2011: =IFERROR(I2011/H2011,0) -> 157.94223 | N2011: ='Model Inputs & Assumptions'!$L$32 -> PRD-SP01 | P2011: 1.091076 | Q2011: 0.256358 | R2011: -0.685457 | S2011: -1.56824
A2012: 9 | B2012: ='Model Inputs & Assumptions'!$B$32 -> Trade Republic — In-App Display | C2012: =ROUND(MAX(0,'Model Inputs & Assumptions'!$S$32*EXP('Model Inputs & Assumptions'!$T$32*P2012-'Model Inputs & Assumptions'!$T$32^2/2)),0) -> 1120949 | D2012: =MIN(1,'Model Inputs & Assumptions'!$U$32*EXP('Model Inputs & Assumptions'!$V$32*Q2012-'Model Inputs & Assumptions'!$V$32^2/2)) -> 0 | E2012: =ROUND(C2012*D2012,0) -> 0 | F2012: =MIN(1,'Model Inputs & Assumptions'!$W$32*EXP('Model Inputs & Assumptions'!$X$32*R2012-'Model Inputs & Assumptions'!$X$32^2/2)) -> 0.0027974743 | G2012: =ROUND(C2012*F2012,0) -> 3136 | H2012: =MAX(0,(C2012*'Model Inputs & Assumptions'!$N$32+E2012*'Model Inputs & Assumptions'!$O$32+G2012*'Model Inputs & Assumptions'!$P$32)*EXP('Model Inputs & Assumptions'!$Q$32*S2012-'Model Inputs & Assumptions'!$Q$32^2/2)) -> 149.22533 | I2012: =IF('Model Inputs & Assumptions'!$H$32="Fixed",'Model Inputs & Assumptions'!$I$32*'Model Inputs & Assumptions'!$K$32,IF('Model Inputs & Assumptions'!$H$32="CPM",'Model Inputs & Assumptions'!$I$32*'Model Inputs & Assumptions'!$K$32*C2012/1000,IF('Model Inputs & Assumptions'!$H$32="CPC",'Model Inputs & Assumptions'!$I$32*'Model Inputs & Assumptions'!$K$32*G2012,0))) -> 13451.388 | J2012: =H2012*INDEX('Model Inputs & Assumptions'!$D$40:$D$42,MATCH('Model Inputs & Assumptions'!$L$32,'Model Inputs & Assumptions'!$A$40:$A$42,0))*INDEX('Model Inputs & Assumptions'!$H$40:$H$42,MATCH('Model Inputs & Assumptions'!$L$32,'Model Inputs & Assumptions'!$A$40:$A$42,0)) -> 805816.77 | K2012: =H2012*INDEX('Model Inputs & Assumptions'!$G$40:$G$42,MATCH('Model Inputs & Assumptions'!$L$32,'Model Inputs & Assumptions'!$A$40:$A$42,0))*INDEX('Model Inputs & Assumptions'!$H$40:$H$42,MATCH('Model Inputs & Assumptions'!$L$32,'Model Inputs & Assumptions'!$A$40:$A$42,0)) -> 16922.152 | L2012: =IFERROR(K2012/I2012,0) -> 1.2580228 | M2012: =IFERROR(I2012/H2012,0) -> 90.141454 | N2012: ='Model Inputs & Assumptions'!$L$32 -> PRD-SP01 | P2012: -0.077152 | Q2012: -0.049452 | R2012: -0.59682 | S2012: 0.339453
A2013: 10 | B2013: ='Model Inputs & Assumptions'!$B$32 -> Trade Republic — In-App Display | C2013: =ROUND(MAX(0,'Model Inputs & Assumptions'!$S$32*EXP('Model Inputs & Assumptions'!$T$32*P2013-'Model Inputs & Assumptions'!$T$32^2/2)),0) -> 1221668 | D2013: =MIN(1,'Model Inputs & Assumptions'!$U$32*EXP('Model Inputs & Assumptions'!$V$32*Q2013-'Model Inputs & Assumptions'!$V$32^2/2)) -> 0 | E2013: =ROUND(C2013*D2013,0) -> 0 | F2013: =MIN(1,'Model Inputs & Assumptions'!$W$32*EXP('Model Inputs & Assumptions'!$X$32*R2013-'Model Inputs & Assumptions'!$X$32^2/2)) -> 0.0026318746 | G2013: =ROUND(C2013*F2013,0) -> 3215 | H2013: =MAX(0,(C2013*'Model Inputs & Assumptions'!$N$32+E2013*'Model Inputs & Assumptions'!$O$32+G2013*'Model Inputs & Assumptions'!$P$32)*EXP('Model Inputs & Assumptions'!$Q$32*S2013-'Model Inputs & Assumptions'!$Q$32^2/2)) -> 151.63904 | I2013: =IF('Model Inputs & Assumptions'!$H$32="Fixed",'Model Inputs & Assumptions'!$I$32*'Model Inputs & Assumptions'!$K$32,IF('Model Inputs & Assumptions'!$H$32="CPM",'Model Inputs & Assumptions'!$I$32*'Model Inputs & Assumptions'!$K$32*C2013/1000,IF('Model Inputs & Assumptions'!$H$32="CPC",'Model Inputs & Assumptions'!$I$32*'Model Inputs & Assumptions'!$K$32*G2013,0))) -> 14660.016 | J2013: =H2013*INDEX('Model Inputs & Assumptions'!$D$40:$D$42,MATCH('Model Inputs & Assumptions'!$L$32,'Model Inputs & Assumptions'!$A$40:$A$42,0))*INDEX('Model Inputs & Assumptions'!$H$40:$H$42,MATCH('Model Inputs & Assumptions'!$L$32,'Model Inputs & Assumptions'!$A$40:$A$42,0)) -> 818850.82 | K2013: =H2013*INDEX('Model Inputs & Assumptions'!$G$40:$G$42,MATCH('Model Inputs & Assumptions'!$L$32,'Model Inputs & Assumptions'!$A$40:$A$42,0))*INDEX('Model Inputs & Assumptions'!$H$40:$H$42,MATCH('Model Inputs & Assumptions'!$L$32,'Model Inputs & Assumptions'!$A$40:$A$42,0)) -> 17195.867 | L2013: =IFERROR(K2013/I2013,0) -> 1.1729774 | M2013: =IFERROR(I2013/H2013,0) -> 96.677056 | N2013: ='Model Inputs & Assumptions'!$L$32 -> PRD-SP01 | P2013: 0.209653 | Q2013: -0.554335 | R2013: -0.800222 | S2013: 0.307904
A2014: 11 | B2014: ='Model Inputs & Assumptions'!$B$32 -> Trade Republic — In-App Display | C2014: =ROUND(MAX(0,'Model Inputs & Assumptions'!$S$32*EXP('Model Inputs & Assumptions'!$T$32*P2014-'Model Inputs & Assumptions'!$T$32^2/2)),0) -> 1241264 | D2014: =MIN(1,'Model Inputs & Assumptions'!$U$32*EXP('Model Inputs & Assumptions'!$V$32*Q2014-'Model Inputs & Assumptions'!$V$32^2/2)) -> 0 | E2014: =ROUND(C2014*D2014,0) -> 0 | F2014: =MIN(1,'Model Inputs & Assumptions'!$W$32*EXP('Model Inputs & Assumptions'!$X$32*R2014-'Model Inputs & Assumptions'!$X$32^2/2)) -> 0.0029190174 | G2014: =ROUND(C2014*F2014,0) -> 3623 | H2014: =MAX(0,(C2014*'Model Inputs & Assumptions'!$N$32+E2014*'Model Inputs & Assumptions'!$O$32+G2014*'Model Inputs & Assumptions'!$P$32)*EXP('Model Inputs & Assumptions'!$Q$32*S2014-'Model Inputs & Assumptions'!$Q$32^2/2)) -> 244.04927 | I2014: =IF('Model Inputs & Assumptions'!$H$32="Fixed",'Model Inputs & Assumptions'!$I$32*'Model Inputs & Assumptions'!$K$32,IF('Model Inputs & Assumptions'!$H$32="CPM",'Model Inputs & Assumptions'!$I$32*'Model Inputs & Assumptions'!$K$32*C2014/1000,IF('Model Inputs & Assumptions'!$H$32="CPC",'Model Inputs & Assumptions'!$I$32*'Model Inputs & Assumptions'!$K$32*G2014,0))) -> 14895.168 | J2014: =H2014*INDEX('Model Inputs & Assumptions'!$D$40:$D$42,MATCH('Model Inputs & Assumptions'!$L$32,'Model Inputs & Assumptions'!$A$40:$A$42,0))*INDEX('Model Inputs & Assumptions'!$H$40:$H$42,MATCH('Model Inputs & Assumptions'!$L$32,'Model Inputs & Assumptions'!$A$40:$A$42,0)) -> 1317866.1 | K2014: =H2014*INDEX('Model Inputs & Assumptions'!$G$40:$G$42,MATCH('Model Inputs & Assumptions'!$L$32,'Model Inputs & Assumptions'!$A$40:$A$42,0))*INDEX('Model Inputs & Assumptions'!$H$40:$H$42,MATCH('Model Inputs & Assumptions'!$L$32,'Model Inputs & Assumptions'!$A$40:$A$42,0)) -> 27675.188 | L2014: =IFERROR(K2014/I2014,0) -> 1.8579977 | M2014: =IFERROR(I2014/H2014,0) -> 61.033446 | N2014: ='Model Inputs & Assumptions'!$L$32 -> PRD-SP01 | P2014: 0.262696 | Q2014: 1.169427 | R2014: -0.455053 | S2014: 1.580733
A2015: 12 | B2015: ='Model Inputs & Assumptions'!$B$32 -> Trade Republic — In-App Display | C2015: =ROUND(MAX(0,'Model Inputs & Assumptions'!$S$32*EXP('Model Inputs & Assumptions'!$T$32*P2015-'Model Inputs & Assumptions'!$T$32^2/2)),0) -> 810135 | D2015: =MIN(1,'Model Inputs & Assumptions'!$U$32*EXP('Model Inputs & Assumptions'!$V$32*Q2015-'Model Inputs & Assumptions'!$V$32^2/2)) -> 0 | E2015: =ROUND(C2015*D2015,0) -> 0 | F2015: =MIN(1,'Model Inputs & Assumptions'!$W$32*EXP('Model Inputs & Assumptions'!$X$32*R2015-'Model Inputs & Assumptions'!$X$32^2/2)) -> 0.0031654894 | G2015: =ROUND(C2015*F2015,0) -> 2564 | H2015: =MAX(0,(C2015*'Model Inputs & Assumptions'!$N$32+E2015*'Model Inputs & Assumptions'!$O$32+G2015*'Model Inputs & Assumptions'!$P$32)*EXP('Model Inputs & Assumptions'!$Q$32*S2015-'Model Inputs & Assumptions'!$Q$32^2/2)) -> 96.711244 | I2015: =IF('Model Inputs & Assumptions'!$H$32="Fixed",'Model Inputs & Assumptions'!$I$32*'Model Inputs & Assumptions'!$K$32,IF('Model Inputs & Assumptions'!$H$32="CPM",'Model Inputs & Assumptions'!$I$32*'Model Inputs & Assumptions'!$K$32*C2015/1000,IF('Model Inputs & Assumptions'!$H$32="CPC",'Model Inputs & Assumptions'!$I$32*'Model Inputs & Assumptions'!$K$32*G2015,0))) -> 9721.62 | J2015: =H2015*INDEX('Model Inputs & Assumptions'!$D$40:$D$42,MATCH('Model Inputs & Assumptions'!$L$32,'Model Inputs & Assumptions'!$A$40:$A$42,0))*INDEX('Model Inputs & Assumptions'!$H$40:$H$42,MATCH('Model Inputs & Assumptions'!$L$32,'Model Inputs & Assumptions'!$A$40:$A$42,0)) -> 522240.72 | K2015: =H2015*INDEX('Model Inputs & Assumptions'!$G$40:$G$42,MATCH('Model Inputs & Assumptions'!$L$32,'Model Inputs & Assumptions'!$A$40:$A$42,0))*INDEX('Model Inputs & Assumptions'!$H$40:$H$42,MATCH('Model Inputs & Assumptions'!$L$32,'Model Inputs & Assumptions'!$A$40:$A$42,0)) -> 10967.055 | L2015: =IFERROR(K2015/I2015,0) -> 1.1281098 | M2015: =IFERROR(I2015/H2015,0) -> 100.52213 | N2015: ='Model Inputs & Assumptions'!$L$32 -> PRD-SP01 | P2015: -1.159586 | Q2015: 0.454346 | R2015: -0.184851 | S2015: -0.490362
... A2503: 500 | B2503: ='Model Inputs & Assumptions'!$B$32 -> Trade Republic — In-App Display | C2503: =ROUND(MAX(0,'Model Inputs & Assumptions'!$S$32*EXP('Model Inputs & Assumptions'!$T$32*P2503-'Model Inputs & Assumptions'!$T$32^2/2)),0) -> 851687 | D2503: =MIN(1,'Model Inputs & Assumptions'!$U$32*EXP('Model Inputs & Assumptions'!$V$32*Q2503-'Model Inputs & Assumptions'!$V$32^2/2)) -> 0 | E2503: =ROUND(C2503*D2503,0) -> 0 | F2503: =MIN(1,'Model Inputs & Assumptions'!$W$32*EXP('Model Inputs & Assumptions'!$X$32*R2503-'Model Inputs & Assumptions'!$X$32^2/2)) -> 0.0021076287 | G2503: =ROUND(C2503*F2503,0) -> 1795 | H2503: =MAX(0,(C2503*'Model Inputs & Assumptions'!$N$32+E2503*'Model Inputs & Assumptions'!$O$32+G2503*'Model Inputs & Assumptions'!$P$32)*EXP('Model Inputs & Assumptions'!$Q$32*S2503-'Model Inputs & Assumptions'!$Q$32^2/2)) -> 56.476663 | I2503: =IF('Model Inputs & Assumptions'!$H$32="Fixed",'Model Inputs & Assumptions'!$I$32*'Model Inputs & Assumptions'!$K$32,IF('Model Inputs & Assumptions'!$H$32="CPM",'Model Inputs & Assumptions'!$I$32*'Model Inputs & Assumptions'!$K$32*C2503/1000,IF('Model Inputs & Assumptions'!$H$32="CPC",'Model Inputs & Assumptions'!$I$32*'Model Inputs & Assumptions'!$K$32*G2503,0))) -> 10220.244 | J2503: =H2503*INDEX('Model Inputs & Assumptions'!$D$40:$D$42,MATCH('Model Inputs & Assumptions'!$L$32,'Model Inputs & Assumptions'!$A$40:$A$42,0))*INDEX('Model Inputs & Assumptions'!$H$40:$H$42,MATCH('Model Inputs & Assumptions'!$L$32,'Model Inputs & Assumptions'!$A$40:$A$42,0)) -> 304973.98 | K2503: =H2503*INDEX('Model Inputs & Assumptions'!$G$40:$G$42,MATCH('Model Inputs & Assumptions'!$L$32,'Model Inputs & Assumptions'!$A$40:$A$42,0))*INDEX('Model Inputs & Assumptions'!$H$40:$H$42,MATCH('Model Inputs & Assumptions'!$L$32,'Model Inputs & Assumptions'!$A$40:$A$42,0)) -> 6404.4536 | L2503: =IFERROR(K2503/I2503,0) -> 0.6266439 | M2503: =IFERROR(I2503/H2503,0) -> 180.96402 | N2503: ='Model Inputs & Assumptions'!$L$32 -> PRD-SP01 | P2503: -0.992859 | Q2503: 0.570455 | R2503: -1.540665 | S2503: -1.138
A2504: 1 | B2504: ='Model Inputs & Assumptions'!$B$33 -> Trade Republic — Savings Plan Push | C2504: =ROUND(MAX(0,'Model Inputs & Assumptions'!$S$33*EXP('Model Inputs & Assumptions'!$T$33*P2504-'Model Inputs & Assumptions'!$T$33^2/2)),0) -> 1062941 | D2504: =MIN(1,'Model Inputs & Assumptions'!$U$33*EXP('Model Inputs & Assumptions'!$V$33*Q2504-'Model Inputs & Assumptions'!$V$33^2/2)) -> 0 | E2504: =ROUND(C2504*D2504,0) -> 0 | F2504: =MIN(1,'Model Inputs & Assumptions'!$W$33*EXP('Model Inputs & Assumptions'!$X$33*R2504-'Model Inputs & Assumptions'!$X$33^2/2)) -> 0.0018654822 | G2504: =ROUND(C2504*F2504,0) -> 1983 | H2504: =MAX(0,(C2504*'Model Inputs & Assumptions'!$N$33+E2504*'Model Inputs & Assumptions'!$O$33+G2504*'Model Inputs & Assumptions'!$P$33)*EXP('Model Inputs & Assumptions'!$Q$33*S2504-'Model Inputs & Assumptions'!$Q$33^2/2)) -> 82.711151 | I2504: =IF('Model Inputs & Assumptions'!$H$33="Fixed",'Model Inputs & Assumptions'!$I$33*'Model Inputs & Assumptions'!$K$33,IF('Model Inputs & Assumptions'!$H$33="CPM",'Model Inputs & Assumptions'!$I$33*'Model Inputs & Assumptions'!$K$33*C2504/1000,IF('Model Inputs & Assumptions'!$H$33="CPC",'Model Inputs & Assumptions'!$I$33*'Model Inputs & Assumptions'!$K$33*G2504,0))) -> 25000 | J2504: =H2504*INDEX('Model Inputs & Assumptions'!$D$40:$D$42,MATCH('Model Inputs & Assumptions'!$L$33,'Model Inputs & Assumptions'!$A$40:$A$42,0))*INDEX('Model Inputs & Assumptions'!$H$40:$H$42,MATCH('Model Inputs & Assumptions'!$L$33,'Model Inputs & Assumptions'!$A$40:$A$42,0)) -> 446640.22 | K2504: =H2504*INDEX('Model Inputs & Assumptions'!$G$40:$G$42,MATCH('Model Inputs & Assumptions'!$L$33,'Model Inputs & Assumptions'!$A$40:$A$42,0))*INDEX('Model Inputs & Assumptions'!$H$40:$H$42,MATCH('Model Inputs & Assumptions'!$L$33,'Model Inputs & Assumptions'!$A$40:$A$42,0)) -> 9379.4446 | L2504: =IFERROR(K2504/I2504,0) -> 0.37517778 | M2504: =IFERROR(I2504/H2504,0) -> 302.2567 | N2504: ='Model Inputs & Assumptions'!$L$33 -> PRD-SP01 | P2504: -0.254273 | Q2504: -0.526571 | R2504: -1.947478 | S2504: -0.84782
A2505: 2 | B2505: ='Model Inputs & Assumptions'!$B$33 -> Trade Republic — Savings Plan Push | C2505: =ROUND(MAX(0,'Model Inputs & Assumptions'!$S$33*EXP('Model Inputs & Assumptions'!$T$33*P2505-'Model Inputs & Assumptions'!$T$33^2/2)),0) -> 444859 | D2505: =MIN(1,'Model Inputs & Assumptions'!$U$33*EXP('Model Inputs & Assumptions'!$V$33*Q2505-'Model Inputs & Assumptions'!$V$33^2/2)) -> 0 | E2505: =ROUND(C2505*D2505,0) -> 0 | F2505: =MIN(1,'Model Inputs & Assumptions'!$W$33*EXP('Model Inputs & Assumptions'!$X$33*R2505-'Model Inputs & Assumptions'!$X$33^2/2)) -> 0.0040822927 | G2505: =ROUND(C2505*F2505,0) -> 1816 | H2505: =MAX(0,(C2505*'Model Inputs & Assumptions'!$N$33+E2505*'Model Inputs & Assumptions'!$O$33+G2505*'Model Inputs & Assumptions'!$P$33)*EXP('Model Inputs & Assumptions'!$Q$33*S2505-'Model Inputs & Assumptions'!$Q$33^2/2)) -> 177.91431 | I2505: =IF('Model Inputs & Assumptions'!$H$33="Fixed",'Model Inputs & Assumptions'!$I$33*'Model Inputs & Assumptions'!$K$33,IF('Model Inputs & Assumptions'!$H$33="CPM",'Model Inputs & Assumptions'!$I$33*'Model Inputs & Assumptions'!$K$33*C2505/1000,IF('Model Inputs & Assumptions'!$H$33="CPC",'Model Inputs & Assumptions'!$I$33*'Model Inputs & Assumptions'!$K$33*G2505,0))) -> 25000 | J2505: =H2505*INDEX('Model Inputs & Assumptions'!$D$40:$D$42,MATCH('Model Inputs & Assumptions'!$L$33,'Model Inputs & Assumptions'!$A$40:$A$42,0))*INDEX('Model Inputs & Assumptions'!$H$40:$H$42,MATCH('Model Inputs & Assumptions'!$L$33,'Model Inputs & Assumptions'!$A$40:$A$42,0)) -> 960737.27 | K2505: =H2505*INDEX('Model Inputs & Assumptions'!$G$40:$G$42,MATCH('Model Inputs & Assumptions'!$L$33,'Model Inputs & Assumptions'!$A$40:$A$42,0))*INDEX('Model Inputs & Assumptions'!$H$40:$H$42,MATCH('Model Inputs & Assumptions'!$L$33,'Model Inputs & Assumptions'!$A$40:$A$42,0)) -> 20175.483 | L2505: =IFERROR(K2505/I2505,0) -> 0.80701931 | M2505: =IFERROR(I2505/H2505,0) -> 140.51708 | N2505: ='Model Inputs & Assumptions'!$L$33 -> PRD-SP01 | P2505: -3.157734 | Q2505: 1.081046 | R2505: 0.662986 | S2505: 2.201902
A2506: 3 | B2506: ='Model Inputs & Assumptions'!$B$33 -> Trade Republic — Savings Plan Push | C2506: =ROUND(MAX(0,'Model Inputs & Assumptions'!$S$33*EXP('Model Inputs & Assumptions'!$T$33*P2506-'Model Inputs & Assumptions'!$T$33^2/2)),0) -> 1337435 | D2506: =MIN(1,'Model Inputs & Assumptions'!$U$33*EXP('Model Inputs & Assumptions'!$V$33*Q2506-'Model Inputs & Assumptions'!$V$33^2/2)) -> 0 | E2506: =ROUND(C2506*D2506,0) -> 0 | F2506: =MIN(1,'Model Inputs & Assumptions'!$W$33*EXP('Model Inputs & Assumptions'!$X$33*R2506-'Model Inputs & Assumptions'!$X$33^2/2)) -> 0.0022736723 | G2506: =ROUND(C2506*F2506,0) -> 3041 | H2506: =MAX(0,(C2506*'Model Inputs & Assumptions'!$N$33+E2506*'Model Inputs & Assumptions'!$O$33+G2506*'Model Inputs & Assumptions'!$P$33)*EXP('Model Inputs & Assumptions'!$Q$33*S2506-'Model Inputs & Assumptions'!$Q$33^2/2)) -> 159.35345 | I2506: =IF('Model Inputs & Assumptions'!$H$33="Fixed",'Model Inputs & Assumptions'!$I$33*'Model Inputs & Assumptions'!$K$33,IF('Model Inputs & Assumptions'!$H$33="CPM",'Model Inputs & Assumptions'!$I$33*'Model Inputs & Assumptions'!$K$33*C2506/1000,IF('Model Inputs & Assumptions'!$H$33="CPC",'Model Inputs & Assumptions'!$I$33*'Model Inputs & Assumptions'!$K$33*G2506,0))) -> 25000 | J2506: =H2506*INDEX('Model Inputs & Assumptions'!$D$40:$D$42,MATCH('Model Inputs & Assumptions'!$L$33,'Model Inputs & Assumptions'!$A$40:$A$42,0))*INDEX('Model Inputs & Assumptions'!$H$40:$H$42,MATCH('Model Inputs & Assumptions'!$L$33,'Model Inputs & Assumptions'!$A$40:$A$42,0)) -> 860508.62 | K2506: =H2506*INDEX('Model Inputs & Assumptions'!$G$40:$G$42,MATCH('Model Inputs & Assumptions'!$L$33,'Model Inputs & Assumptions'!$A$40:$A$42,0))*INDEX('Model Inputs & Assumptions'!$H$40:$H$42,MATCH('Model Inputs & Assumptions'!$L$33,'Model Inputs & Assumptions'!$A$40:$A$42,0)) -> 18070.681 | L2506: =IFERROR(K2506/I2506,0) -> 0.72282724 | M2506: =IFERROR(I2506/H2506,0) -> 156.88396 | N2506: ='Model Inputs & Assumptions'!$L$33 -> PRD-SP01 | P2506: 0.51144 | Q2506: 1.128763 | R2506: -1.287889 | S2506: -0.032839
A2507: 4 | B2507: ='Model Inputs & Assumptions'!$B$33 -> Trade Republic — Savings Plan Push | C2507: =ROUND(MAX(0,'Model Inputs & Assumptions'!$S$33*EXP('Model Inputs & Assumptions'!$T$33*P2507-'Model Inputs & Assumptions'!$T$33^2/2)),0) -> 666271 | D2507: =MIN(1,'Model Inputs & Assumptions'!$U$33*EXP('Model Inputs & Assumptions'!$V$33*Q2507-'Model Inputs & Assumptions'!$V$33^2/2)) -> 0 | E2507: =ROUND(C2507*D2507,0) -> 0 | F2507: =MIN(1,'Model Inputs & Assumptions'!$W$33*EXP('Model Inputs & Assumptions'!$X$33*R2507-'Model Inputs & Assumptions'!$X$33^2/2)) -> 0.0020730256 | G2507: =ROUND(C2507*F2507,0) -> 1381 | H2507: =MAX(0,(C2507*'Model Inputs & Assumptions'!$N$33+E2507*'Model Inputs & Assumptions'!$O$33+G2507*'Model Inputs & Assumptions'!$P$33)*EXP('Model Inputs & Assumptions'!$Q$33*S2507-'Model Inputs & Assumptions'!$Q$33^2/2)) -> 70.633325 | I2507: =IF('Model Inputs & Assumptions'!$H$33="Fixed",'Model Inputs & Assumptions'!$I$33*'Model Inputs & Assumptions'!$K$33,IF('Model Inputs & Assumptions'!$H$33="CPM",'Model Inputs & Assumptions'!$I$33*'Model Inputs & Assumptions'!$K$33*C2507/1000,IF('Model Inputs & Assumptions'!$H$33="CPC",'Model Inputs & Assumptions'!$I$33*'Model Inputs & Assumptions'!$K$33*G2507,0))) -> 25000 | J2507: =H2507*INDEX('Model Inputs & Assumptions'!$D$40:$D$42,MATCH('Model Inputs & Assumptions'!$L$33,'Model Inputs & Assumptions'!$A$40:$A$42,0))*INDEX('Model Inputs & Assumptions'!$H$40:$H$42,MATCH('Model Inputs & Assumptions'!$L$33,'Model Inputs & Assumptions'!$A$40:$A$42,0)) -> 381419.96 | K2507: =H2507*INDEX('Model Inputs & Assumptions'!$G$40:$G$42,MATCH('Model Inputs & Assumptions'!$L$33,'Model Inputs & Assumptions'!$A$40:$A$42,0))*INDEX('Model Inputs & Assumptions'!$H$40:$H$42,MATCH('Model Inputs & Assumptions'!$L$33,'Model Inputs & Assumptions'!$A$40:$A$42,0)) -> 8009.8191 | L2507: =IFERROR(K2507/I2507,0) -> 0.32039276 | M2507: =IFERROR(I2507/H2507,0) -> 353.94058 | N2507: ='Model Inputs & Assumptions'!$L$33 -> PRD-SP01 | P2507: -1.81127 | Q2507: -1.656158 | R2507: -1.595846 | S2507: -0.119425
